{
  "type": "FeatureCollection",
  "name": "montreal-trees",
  "attribution": "Public-tree inventory © Ville de Montréal (donnees.montreal.ca), CC BY 4.0",
  "note": "Curated + spatially-thinned public-tree scouting leads for 'Verdun', from the Ville de Montréal open-data tree inventory (CC BY 4.0) via scripts/montreal-trees-scout.py. A SEPARATE source from the iNaturalist and Falling Fruit scouting layers and from foraging-spots.geojson (the source of truth). Species is the city's arborist label, but locations may be imprecise/outdated — confirm in person before promoting to a real pin.",
  "features": [
    {
      "type": "Feature",
      "id": "mtl100021",
      "geometry": {
        "type": "Point",
        "coordinates": [
          -73.587035,
          45.449442
        ]
      },
      "properties": {
        "name": "Crabapple / apple",
        "species": "Malus",
        "tier": "snack",
        "notes": "Street crabapples — taste one; most are tart but good, cook the sour ones into jelly. The city plants dozens of cultivars.",
        "source": "montreal",
        "mtl": "https://donnees.montreal.ca/dataset/arbres",
        "where": "Champlain",
        "plant": "apple"
      }
    },
    {
      "type": "Feature",
      "id": "mtl100027",
      "geometry": {
        "type": "Point",
        "coordinates": [
          -73.585506,
          45.450619
        ]
      },
      "properties": {
        "name": "Cherry / chokecherry",
        "species": "Prunus",
        "tier": "prep",
        "notes": "Chokecherry & black cherry — cook the ripe fruit for jelly/syrup; astringent raw and the pits are cyanogenic. Never eat the pits.",
        "source": "montreal",
        "mtl": "https://donnees.montreal.ca/dataset/arbres",
        "where": "Champlain"
      }
    },
    {
      "type": "Feature",
      "id": "mtl100072",
      "geometry": {
        "type": "Point",
        "coordinates": [
          -73.592971,
          45.443087
        ]
      },
      "properties": {
        "name": "Crabapple / apple",
        "species": "Malus",
        "tier": "snack",
        "notes": "Street crabapples — taste one; most are tart but good, cook the sour ones into jelly. The city plants dozens of cultivars.",
        "source": "montreal",
        "mtl": "https://donnees.montreal.ca/dataset/arbres",
        "where": "Champlain",
        "plant": "apple"
      }
    },
    {
      "type": "Feature",
      "id": "mtl100163",
      "geometry": {
        "type": "Point",
        "coordinates": [
          -73.564346,
          45.467804
        ]
      },
      "properties": {
        "name": "Linden",
        "species": "Tilia americana 'Redmond'",
        "tier": "snack",
        "notes": "Young heart-shaped leaves are a mild salad green in spring; the fragrant flowers make a calming tea.",
        "source": "montreal",
        "mtl": "https://donnees.montreal.ca/dataset/arbres",
        "where": "Sutherland-Sackville-Bain",
        "plant": "linden"
      }
    },
    {
      "type": "Feature",
      "id": "mtl100184",
      "geometry": {
        "type": "Point",
        "coordinates": [
          -73.557616,
          45.457119
        ]
      },
      "properties": {
        "name": "Cherry / chokecherry",
        "species": "Prunus virginiana 'Canada Red'",
        "tier": "prep",
        "notes": "Chokecherry & black cherry — cook the ripe fruit for jelly/syrup; astringent raw and the pits are cyanogenic. Never eat the pits.",
        "source": "montreal",
        "mtl": "https://donnees.montreal.ca/dataset/arbres",
        "where": "Adrien-D.-Archambault (Jc)"
      }
    },
    {
      "type": "Feature",
      "id": "mtl100205",
      "geometry": {
        "type": "Point",
        "coordinates": [
          -73.554198,
          45.447021
        ]
      },
      "properties": {
        "name": "Rowan",
        "species": "Sorbus aucuparia",
        "tier": "prep",
        "notes": "Cook the orange berries into a tart jelly after frost — raw they're astringent and mildly upsetting.",
        "source": "montreal",
        "mtl": "https://donnees.montreal.ca/dataset/arbres",
        "where": "Maynard-Ferguson"
      }
    },
    {
      "type": "Feature",
      "id": "mtl100309",
      "geometry": {
        "type": "Point",
        "coordinates": [
          -73.564145,
          45.454388
        ]
      },
      "properties": {
        "name": "Black locust",
        "species": "Robinia pseudoacacia",
        "tier": "caution",
        "notes": "The flowers are edible (fritters); everything else — bark, leaves, pods, seeds — is TOXIC. Take only the blossoms, and be sure it's not a look-alike.",
        "source": "montreal",
        "mtl": "https://donnees.montreal.ca/dataset/arbres",
        "where": "Desmarchais"
      }
    },
    {
      "type": "Feature",
      "id": "mtl100333",
      "geometry": {
        "type": "Point",
        "coordinates": [
          -73.565352,
          45.468159
        ]
      },
      "properties": {
        "name": "Oak (acorns)",
        "species": "Quercus rubra",
        "tier": "prep",
        "notes": "Gather sound acorns in fall; leach the ground meal in several changes of water to pull the tannins, then use as flour. White-oak group leaches easier.",
        "source": "montreal",
        "mtl": "https://donnees.montreal.ca/dataset/arbres",
        "where": "Sutherland-Sackville-Bain"
      }
    },
    {
      "type": "Feature",
      "id": "mtl100399",
      "geometry": {
        "type": "Point",
        "coordinates": [
          -73.556508,
          45.455853
        ]
      },
      "properties": {
        "name": "Serviceberry",
        "species": "Amelanchier canadensis",
        "tier": "snack",
        "notes": "Sweet blueberry-like pomes in late June — eat raw off the branch before the birds strip them.",
        "source": "montreal",
        "mtl": "https://donnees.montreal.ca/dataset/arbres",
        "where": "Adrien-D.-Archambault (Jc)",
        "planted": "2024",
        "plant": "serviceberry"
      }
    },
    {
      "type": "Feature",
      "id": "mtl100409",
      "geometry": {
        "type": "Point",
        "coordinates": [
          -73.566709,
          45.452716
        ]
      },
      "properties": {
        "name": "Horse-chestnut",
        "species": "Aesculus hippocastanum",
        "tier": "avoid",
        "notes": "TOXIC — the shiny conkers are NOT the edible sweet chestnut (Castanea, which the city doesn't plant here). Do not eat.",
        "source": "montreal",
        "mtl": "https://donnees.montreal.ca/dataset/arbres",
        "where": "Archie-Wilcox"
      }
    },
    {
      "type": "Feature",
      "id": "mtl100626",
      "geometry": {
        "type": "Point",
        "coordinates": [
          -73.536448,
          45.472395
        ]
      },
      "properties": {
        "name": "Black locust",
        "species": "Robinia pseudoacacia",
        "tier": "caution",
        "notes": "The flowers are edible (fritters); everything else — bark, leaves, pods, seeds — is TOXIC. Take only the blossoms, and be sure it's not a look-alike.",
        "source": "montreal",
        "mtl": "https://donnees.montreal.ca/dataset/arbres",
        "where": "Boisé Riverain"
      }
    },
    {
      "type": "Feature",
      "id": "mtl100678",
      "geometry": {
        "type": "Point",
        "coordinates": [
          -73.565933,
          45.453684
        ]
      },
      "properties": {
        "name": "Ginkgo",
        "species": "Ginkgo biloba mâle",
        "tier": "caution",
        "notes": "Only female trees fruit; the fallen flesh reeks and blisters skin (handle with gloves). The inner nut is edible COOKED and in small amounts only — raw/excess is toxic. Most street ginkgos are fruitless male cultivars.",
        "source": "montreal",
        "mtl": "https://donnees.montreal.ca/dataset/arbres",
        "where": "Desmarchais",
        "planted": "2025"
      }
    },
    {
      "type": "Feature",
      "id": "mtl100730",
      "geometry": {
        "type": "Point",
        "coordinates": [
          -73.579737,
          45.440284
        ]
      },
      "properties": {
        "name": "Horse-chestnut",
        "species": "Aesculus glabra",
        "tier": "avoid",
        "notes": "TOXIC — the shiny conkers are NOT the edible sweet chestnut (Castanea, which the city doesn't plant here). Do not eat.",
        "source": "montreal",
        "mtl": "https://donnees.montreal.ca/dataset/arbres",
        "where": "De L'Honorable-George-O'Reilley"
      }
    },
    {
      "type": "Feature",
      "id": "mtl100734",
      "geometry": {
        "type": "Point",
        "coordinates": [
          -73.575747,
          45.442261
        ]
      },
      "properties": {
        "name": "Sugar maple",
        "species": "Acer saccharum",
        "tier": "prep",
        "notes": "Tap in the Feb–Mar freeze/thaw and boil the sap to syrup — ~40:1. Needs a spile, bucket, and a lot of firewood.",
        "source": "montreal",
        "mtl": "https://donnees.montreal.ca/dataset/arbres",
        "where": "De L'Honorable-George-O'Reilley"
      }
    },
    {
      "type": "Feature",
      "id": "mtl100735",
      "geometry": {
        "type": "Point",
        "coordinates": [
          -73.547211,
          45.466111
        ]
      },
      "properties": {
        "name": "Hackberry",
        "species": "Celtis occidentalis",
        "tier": "snack",
        "notes": "Small orange-brown drupes in fall — thin sweet date-like flesh over a crunchable seed. Eat whole.",
        "source": "montreal",
        "mtl": "https://donnees.montreal.ca/dataset/arbres",
        "where": "De L'Épervière"
      }
    },
    {
      "type": "Feature",
      "id": "mtl100757",
      "geometry": {
        "type": "Point",
        "coordinates": [
          -73.5485,
          45.452135
        ]
      },
      "properties": {
        "name": "Oak (acorns)",
        "species": "Quercus macrocarpa",
        "tier": "prep",
        "notes": "Gather sound acorns in fall; leach the ground meal in several changes of water to pull the tannins, then use as flour. White-oak group leaches easier.",
        "source": "montreal",
        "mtl": "https://donnees.montreal.ca/dataset/arbres",
        "where": "De L'Orée-Du-Fleuve"
      }
    },
    {
      "type": "Feature",
      "id": "mtl100818",
      "geometry": {
        "type": "Point",
        "coordinates": [
          -73.553273,
          45.447791
        ]
      },
      "properties": {
        "name": "Walnut / butternut",
        "species": "Juglans cinerea",
        "tier": "prep",
        "notes": "Husk and cure the nuts in fall — the husks stain everything, wear gloves. Butternut (J. cinerea) is milder than black walnut.",
        "source": "montreal",
        "mtl": "https://donnees.montreal.ca/dataset/arbres",
        "where": "De L'Orée-Du-Fleuve"
      }
    },
    {
      "type": "Feature",
      "id": "mtl100845",
      "geometry": {
        "type": "Point",
        "coordinates": [
          -73.5658,
          45.453597
        ]
      },
      "properties": {
        "name": "Sugar maple",
        "species": "Acer saccharum",
        "tier": "prep",
        "notes": "Tap in the Feb–Mar freeze/thaw and boil the sap to syrup — ~40:1. Needs a spile, bucket, and a lot of firewood.",
        "source": "montreal",
        "mtl": "https://donnees.montreal.ca/dataset/arbres",
        "where": "Desmarchais"
      }
    },
    {
      "type": "Feature",
      "id": "mtl100885",
      "geometry": {
        "type": "Point",
        "coordinates": [
          -73.537872,
          45.473187
        ]
      },
      "properties": {
        "name": "Crabapple / apple",
        "species": "Malus",
        "tier": "snack",
        "notes": "Street crabapples — taste one; most are tart but good, cook the sour ones into jelly. The city plants dozens of cultivars.",
        "source": "montreal",
        "mtl": "https://donnees.montreal.ca/dataset/arbres",
        "where": "Esplanade De La Pointe-Nord",
        "plant": "apple"
      }
    },
    {
      "type": "Feature",
      "id": "mtl100886",
      "geometry": {
        "type": "Point",
        "coordinates": [
          -73.540445,
          45.473747
        ]
      },
      "properties": {
        "name": "Hackberry",
        "species": "Celtis occidentalis",
        "tier": "snack",
        "notes": "Small orange-brown drupes in fall — thin sweet date-like flesh over a crunchable seed. Eat whole.",
        "source": "montreal",
        "mtl": "https://donnees.montreal.ca/dataset/arbres",
        "where": "Esplanade De La Pointe-Nord",
        "planted": "2024"
      }
    },
    {
      "type": "Feature",
      "id": "mtl101027",
      "geometry": {
        "type": "Point",
        "coordinates": [
          -73.554385,
          45.458379
        ]
      },
      "properties": {
        "name": "Crabapple / apple",
        "species": "Malus baccata",
        "tier": "snack",
        "notes": "Street crabapples — taste one; most are tart but good, cook the sour ones into jelly. The city plants dozens of cultivars.",
        "source": "montreal",
        "mtl": "https://donnees.montreal.ca/dataset/arbres",
        "where": "Boisé Riverain",
        "plant": "apple"
      }
    },
    {
      "type": "Feature",
      "id": "mtl101033",
      "geometry": {
        "type": "Point",
        "coordinates": [
          -73.577753,
          45.441463
        ]
      },
      "properties": {
        "name": "Horse-chestnut",
        "species": "Aesculus glabra",
        "tier": "avoid",
        "notes": "TOXIC — the shiny conkers are NOT the edible sweet chestnut (Castanea, which the city doesn't plant here). Do not eat.",
        "source": "montreal",
        "mtl": "https://donnees.montreal.ca/dataset/arbres",
        "where": "De L'Honorable-George-O'Reilley"
      }
    },
    {
      "type": "Feature",
      "id": "mtl101063",
      "geometry": {
        "type": "Point",
        "coordinates": [
          -73.549867,
          45.44871
        ]
      },
      "properties": {
        "name": "Black locust",
        "species": "Robinia pseudoacacia",
        "tier": "caution",
        "notes": "The flowers are edible (fritters); everything else — bark, leaves, pods, seeds — is TOXIC. Take only the blossoms, and be sure it's not a look-alike.",
        "source": "montreal",
        "mtl": "https://donnees.montreal.ca/dataset/arbres",
        "where": "De L'Orée-Du-Fleuve"
      }
    },
    {
      "type": "Feature",
      "id": "mtl101065",
      "geometry": {
        "type": "Point",
        "coordinates": [
          -73.553547,
          45.447531
        ]
      },
      "properties": {
        "name": "Rowan",
        "species": "Sorbus aucuparia",
        "tier": "prep",
        "notes": "Cook the orange berries into a tart jelly after frost — raw they're astringent and mildly upsetting.",
        "source": "montreal",
        "mtl": "https://donnees.montreal.ca/dataset/arbres",
        "where": "De L'Orée-Du-Fleuve"
      }
    },
    {
      "type": "Feature",
      "id": "mtl101072",
      "geometry": {
        "type": "Point",
        "coordinates": [
          -73.553548,
          45.447661
        ]
      },
      "properties": {
        "name": "Black locust",
        "species": "Robinia pseudoacacia",
        "tier": "caution",
        "notes": "The flowers are edible (fritters); everything else — bark, leaves, pods, seeds — is TOXIC. Take only the blossoms, and be sure it's not a look-alike.",
        "source": "montreal",
        "mtl": "https://donnees.montreal.ca/dataset/arbres",
        "where": "De L'Orée-Du-Fleuve"
      }
    },
    {
      "type": "Feature",
      "id": "mtl101333",
      "geometry": {
        "type": "Point",
        "coordinates": [
          -73.56312,
          45.468161
        ]
      },
      "properties": {
        "name": "Walnut / butternut",
        "species": "Juglans nigra",
        "tier": "prep",
        "notes": "Husk and cure the nuts in fall — the husks stain everything, wear gloves. Butternut (J. cinerea) is milder than black walnut.",
        "source": "montreal",
        "mtl": "https://donnees.montreal.ca/dataset/arbres",
        "where": "Sutherland-Sackville-Bain",
        "planted": "2022"
      }
    },
    {
      "type": "Feature",
      "id": "mtl101341",
      "geometry": {
        "type": "Point",
        "coordinates": [
          -73.554778,
          45.447775
        ]
      },
      "properties": {
        "name": "Staghorn sumac",
        "species": "Rhus typhina",
        "tier": "snack",
        "notes": "Steep the fuzzy red drupe cones in cold water for pink lemonade.",
        "source": "montreal",
        "mtl": "https://donnees.montreal.ca/dataset/arbres",
        "where": "Maynard-Ferguson",
        "plant": "staghorn-sumac"
      }
    },
    {
      "type": "Feature",
      "id": "mtl101358",
      "geometry": {
        "type": "Point",
        "coordinates": [
          -73.562493,
          45.461268
        ]
      },
      "properties": {
        "name": "Rowan",
        "species": "Sorbus",
        "tier": "prep",
        "notes": "Cook the orange berries into a tart jelly after frost — raw they're astringent and mildly upsetting.",
        "source": "montreal",
        "mtl": "https://donnees.montreal.ca/dataset/arbres",
        "where": "Monseigneur-J.-A.-Richard"
      }
    },
    {
      "type": "Feature",
      "id": "mtl101408",
      "geometry": {
        "type": "Point",
        "coordinates": [
          -73.559801,
          45.468567
        ]
      },
      "properties": {
        "name": "Beech",
        "species": "Fagus grandifolia",
        "tier": "prep",
        "notes": "Beechnuts in fall are edible in small amounts raw, better roasted; the raw nut skin is mildly bitter/laxative in quantity.",
        "source": "montreal",
        "mtl": "https://donnees.montreal.ca/dataset/arbres",
        "where": "Arthur-Therrien",
        "planted": "2022"
      }
    },
    {
      "type": "Feature",
      "id": "mtl101425",
      "geometry": {
        "type": "Point",
        "coordinates": [
          -73.562264,
          45.464437
        ]
      },
      "properties": {
        "name": "Rowan",
        "species": "Sorbus aucuparia",
        "tier": "prep",
        "notes": "Cook the orange berries into a tart jelly after frost — raw they're astringent and mildly upsetting.",
        "source": "montreal",
        "mtl": "https://donnees.montreal.ca/dataset/arbres",
        "where": "Arthur-Therrien",
        "planted": "2021"
      }
    },
    {
      "type": "Feature",
      "id": "mtl101496",
      "geometry": {
        "type": "Point",
        "coordinates": [
          -73.555356,
          45.446043
        ]
      },
      "properties": {
        "name": "Oak (acorns)",
        "species": "Quercus macrocarpa",
        "tier": "prep",
        "notes": "Gather sound acorns in fall; leach the ground meal in several changes of water to pull the tannins, then use as flour. White-oak group leaches easier.",
        "source": "montreal",
        "mtl": "https://donnees.montreal.ca/dataset/arbres",
        "where": "Maynard-Ferguson"
      }
    },
    {
      "type": "Feature",
      "id": "mtl101501",
      "geometry": {
        "type": "Point",
        "coordinates": [
          -73.535509,
          45.471313
        ]
      },
      "properties": {
        "name": "Black locust",
        "species": "Robinia pseudoacacia",
        "tier": "caution",
        "notes": "The flowers are edible (fritters); everything else — bark, leaves, pods, seeds — is TOXIC. Take only the blossoms, and be sure it's not a look-alike.",
        "source": "montreal",
        "mtl": "https://donnees.montreal.ca/dataset/arbres",
        "where": "Boisé Riverain"
      }
    },
    {
      "type": "Feature",
      "id": "mtl101613",
      "geometry": {
        "type": "Point",
        "coordinates": [
          -73.559797,
          45.468731
        ]
      },
      "properties": {
        "name": "Cherry / chokecherry",
        "species": "Prunus virginiana 'Canada Red'",
        "tier": "prep",
        "notes": "Chokecherry & black cherry — cook the ripe fruit for jelly/syrup; astringent raw and the pits are cyanogenic. Never eat the pits.",
        "source": "montreal",
        "mtl": "https://donnees.montreal.ca/dataset/arbres",
        "where": "Arthur-Therrien"
      }
    },
    {
      "type": "Feature",
      "id": "mtl101732",
      "geometry": {
        "type": "Point",
        "coordinates": [
          -73.552573,
          45.462913
        ]
      },
      "properties": {
        "name": "Sugar maple",
        "species": "Acer saccharum",
        "tier": "prep",
        "notes": "Tap in the Feb–Mar freeze/thaw and boil the sap to syrup — ~40:1. Needs a spile, bucket, and a lot of firewood.",
        "source": "montreal",
        "mtl": "https://donnees.montreal.ca/dataset/arbres",
        "where": "Lacoursière"
      }
    },
    {
      "type": "Feature",
      "id": "mtl101733",
      "geometry": {
        "type": "Point",
        "coordinates": [
          -73.567176,
          45.452081
        ]
      },
      "properties": {
        "name": "Birch",
        "species": "Betula papyrifera",
        "tier": "prep",
        "notes": "Tap the sap in early spring (boil down for birch syrup) and the aromatic inner bark/twigs for tea. A sap, not a snack.",
        "source": "montreal",
        "mtl": "https://donnees.montreal.ca/dataset/arbres",
        "where": "Woodland"
      }
    },
    {
      "type": "Feature",
      "id": "mtl101879",
      "geometry": {
        "type": "Point",
        "coordinates": [
          -73.573632,
          45.445067
        ]
      },
      "properties": {
        "name": "Honey locust",
        "species": "Gleditsia triacanthos 'Shademaster'",
        "tier": "caution",
        "notes": "Sweet pulp inside the long twisted pods is edible — but do NOT confuse it with the TOXIC Kentucky coffeetree (thick flat pods) or black locust. Honey locust has fine branching thorns and tiny leaflets.",
        "source": "montreal",
        "mtl": "https://donnees.montreal.ca/dataset/arbres",
        "where": "De L'Honorable-George-O'Reilley",
        "planted": "2024"
      }
    },
    {
      "type": "Feature",
      "id": "mtl101924",
      "geometry": {
        "type": "Point",
        "coordinates": [
          -73.557791,
          45.456584
        ]
      },
      "properties": {
        "name": "Hawthorn",
        "species": "Crataegus x mordensis",
        "tier": "snack",
        "notes": "Red haws off the tree in fall — nibble the thin flesh, spit the seeds (never chew them).",
        "source": "montreal",
        "mtl": "https://donnees.montreal.ca/dataset/arbres",
        "where": "Adrien-D.-Archambault (Jc)"
      }
    },
    {
      "type": "Feature",
      "id": "mtl101940",
      "geometry": {
        "type": "Point",
        "coordinates": [
          -73.535093,
          45.470518
        ]
      },
      "properties": {
        "name": "Black locust",
        "species": "Robinia pseudoacacia",
        "tier": "caution",
        "notes": "The flowers are edible (fritters); everything else — bark, leaves, pods, seeds — is TOXIC. Take only the blossoms, and be sure it's not a look-alike.",
        "source": "montreal",
        "mtl": "https://donnees.montreal.ca/dataset/arbres",
        "where": "Boisé Riverain"
      }
    },
    {
      "type": "Feature",
      "id": "mtl101950",
      "geometry": {
        "type": "Point",
        "coordinates": [
          -73.570718,
          45.447085
        ]
      },
      "properties": {
        "name": "Hackberry",
        "species": "Celtis occidentalis",
        "tier": "snack",
        "notes": "Small orange-brown drupes in fall — thin sweet date-like flesh over a crunchable seed. Eat whole.",
        "source": "montreal",
        "mtl": "https://donnees.montreal.ca/dataset/arbres",
        "where": "De L'Honorable-George-O'Reilley"
      }
    },
    {
      "type": "Feature",
      "id": "mtl102074",
      "geometry": {
        "type": "Point",
        "coordinates": [
          -73.560704,
          45.461948
        ]
      },
      "properties": {
        "name": "Crabapple / apple",
        "species": "Malus",
        "tier": "snack",
        "notes": "Street crabapples — taste one; most are tart but good, cook the sour ones into jelly. The city plants dozens of cultivars.",
        "source": "montreal",
        "mtl": "https://donnees.montreal.ca/dataset/arbres",
        "where": "Arthur-Therrien",
        "plant": "apple"
      }
    },
    {
      "type": "Feature",
      "id": "mtl102110",
      "geometry": {
        "type": "Point",
        "coordinates": [
          -73.568445,
          45.448854
        ]
      },
      "properties": {
        "name": "Hickory",
        "species": "Carya cordiformis",
        "tier": "prep",
        "notes": "Shagbark (C. ovata) nuts are sweet — crack and pick; bitternut (C. cordiformis) is too bitter to bother. Bark makes a syrup.",
        "source": "montreal",
        "mtl": "https://donnees.montreal.ca/dataset/arbres",
        "where": "De L'Honorable-George-O'Reilley"
      }
    },
    {
      "type": "Feature",
      "id": "mtl102134",
      "geometry": {
        "type": "Point",
        "coordinates": [
          -73.551813,
          45.448167
        ]
      },
      "properties": {
        "name": "Black locust",
        "species": "Robinia pseudoacacia",
        "tier": "caution",
        "notes": "The flowers are edible (fritters); everything else — bark, leaves, pods, seeds — is TOXIC. Take only the blossoms, and be sure it's not a look-alike.",
        "source": "montreal",
        "mtl": "https://donnees.montreal.ca/dataset/arbres",
        "where": "De L'Orée-Du-Fleuve"
      }
    },
    {
      "type": "Feature",
      "id": "mtl102221",
      "geometry": {
        "type": "Point",
        "coordinates": [
          -73.560718,
          45.460921
        ]
      },
      "properties": {
        "name": "Staghorn sumac",
        "species": "Rhus typhina",
        "tier": "snack",
        "notes": "Steep the fuzzy red drupe cones in cold water for pink lemonade.",
        "source": "montreal",
        "mtl": "https://donnees.montreal.ca/dataset/arbres",
        "where": "Monseigneur-J.-A.-Richard",
        "plant": "staghorn-sumac"
      }
    },
    {
      "type": "Feature",
      "id": "mtl102223",
      "geometry": {
        "type": "Point",
        "coordinates": [
          -73.55462,
          45.446299
        ]
      },
      "properties": {
        "name": "Staghorn sumac",
        "species": "Rhus typhina",
        "tier": "snack",
        "notes": "Steep the fuzzy red drupe cones in cold water for pink lemonade.",
        "source": "montreal",
        "mtl": "https://donnees.montreal.ca/dataset/arbres",
        "where": "Maynard-Ferguson",
        "plant": "staghorn-sumac"
      }
    },
    {
      "type": "Feature",
      "id": "mtl102225",
      "geometry": {
        "type": "Point",
        "coordinates": [
          -73.554714,
          45.44622
        ]
      },
      "properties": {
        "name": "Staghorn sumac",
        "species": "Rhus typhina",
        "tier": "snack",
        "notes": "Steep the fuzzy red drupe cones in cold water for pink lemonade.",
        "source": "montreal",
        "mtl": "https://donnees.montreal.ca/dataset/arbres",
        "where": "Maynard-Ferguson",
        "plant": "staghorn-sumac"
      }
    },
    {
      "type": "Feature",
      "id": "mtl102234",
      "geometry": {
        "type": "Point",
        "coordinates": [
          -73.553604,
          45.447531
        ]
      },
      "properties": {
        "name": "Staghorn sumac",
        "species": "Rhus typhina",
        "tier": "snack",
        "notes": "Steep the fuzzy red drupe cones in cold water for pink lemonade.",
        "source": "montreal",
        "mtl": "https://donnees.montreal.ca/dataset/arbres",
        "where": "De L'Orée-Du-Fleuve",
        "plant": "staghorn-sumac"
      }
    },
    {
      "type": "Feature",
      "id": "mtl102264",
      "geometry": {
        "type": "Point",
        "coordinates": [
          -73.549715,
          45.448742
        ]
      },
      "properties": {
        "name": "Staghorn sumac",
        "species": "Rhus typhina",
        "tier": "snack",
        "notes": "Steep the fuzzy red drupe cones in cold water for pink lemonade.",
        "source": "montreal",
        "mtl": "https://donnees.montreal.ca/dataset/arbres",
        "where": "De L'Orée-Du-Fleuve",
        "plant": "staghorn-sumac"
      }
    },
    {
      "type": "Feature",
      "id": "mtl102268",
      "geometry": {
        "type": "Point",
        "coordinates": [
          -73.564371,
          45.454287
        ]
      },
      "properties": {
        "name": "Sugar maple",
        "species": "Acer saccharum",
        "tier": "prep",
        "notes": "Tap in the Feb–Mar freeze/thaw and boil the sap to syrup — ~40:1. Needs a spile, bucket, and a lot of firewood.",
        "source": "montreal",
        "mtl": "https://donnees.montreal.ca/dataset/arbres",
        "where": "Desmarchais"
      }
    },
    {
      "type": "Feature",
      "id": "mtl102293",
      "geometry": {
        "type": "Point",
        "coordinates": [
          -73.547149,
          45.449512
        ]
      },
      "properties": {
        "name": "Black locust",
        "species": "Robinia pseudoacacia",
        "tier": "caution",
        "notes": "The flowers are edible (fritters); everything else — bark, leaves, pods, seeds — is TOXIC. Take only the blossoms, and be sure it's not a look-alike.",
        "source": "montreal",
        "mtl": "https://donnees.montreal.ca/dataset/arbres",
        "where": "De L'Orée-Du-Fleuve"
      }
    },
    {
      "type": "Feature",
      "id": "mtl102395",
      "geometry": {
        "type": "Point",
        "coordinates": [
          -73.555373,
          45.44625
        ]
      },
      "properties": {
        "name": "Black locust",
        "species": "Robinia pseudoacacia",
        "tier": "caution",
        "notes": "The flowers are edible (fritters); everything else — bark, leaves, pods, seeds — is TOXIC. Take only the blossoms, and be sure it's not a look-alike.",
        "source": "montreal",
        "mtl": "https://donnees.montreal.ca/dataset/arbres",
        "where": "Maynard-Ferguson"
      }
    },
    {
      "type": "Feature",
      "id": "mtl102472",
      "geometry": {
        "type": "Point",
        "coordinates": [
          -73.565132,
          45.454403
        ]
      },
      "properties": {
        "name": "Kentucky coffeetree",
        "species": "Gymnocladus dioicus",
        "tier": "avoid",
        "notes": "TOXIC raw — the pulp and seeds in the thick flat pods contain cytisine. (Roasting was a historical workaround, but treat it as do-not-eat.) Learn it so you don't mistake it for honey locust.",
        "source": "montreal",
        "mtl": "https://donnees.montreal.ca/dataset/arbres",
        "where": "Desmarchais",
        "planted": "2025"
      }
    },
    {
      "type": "Feature",
      "id": "mtl102520",
      "geometry": {
        "type": "Point",
        "coordinates": [
          -73.546986,
          45.45105
        ]
      },
      "properties": {
        "name": "Black locust",
        "species": "Robinia pseudoacacia",
        "tier": "caution",
        "notes": "The flowers are edible (fritters); everything else — bark, leaves, pods, seeds — is TOXIC. Take only the blossoms, and be sure it's not a look-alike.",
        "source": "montreal",
        "mtl": "https://donnees.montreal.ca/dataset/arbres",
        "where": "De L'Orée-Du-Fleuve"
      }
    },
    {
      "type": "Feature",
      "id": "mtl102682",
      "geometry": {
        "type": "Point",
        "coordinates": [
          -73.551101,
          45.451227
        ]
      },
      "properties": {
        "name": "Beech",
        "species": "Fagus grandifolia",
        "tier": "prep",
        "notes": "Beechnuts in fall are edible in small amounts raw, better roasted; the raw nut skin is mildly bitter/laxative in quantity.",
        "source": "montreal",
        "mtl": "https://donnees.montreal.ca/dataset/arbres",
        "where": "De L'Orée-Du-Bois"
      }
    },
    {
      "type": "Feature",
      "id": "mtl102886",
      "geometry": {
        "type": "Point",
        "coordinates": [
          -73.565469,
          45.468179
        ]
      },
      "properties": {
        "name": "Horse-chestnut",
        "species": "Aesculus hippocastanum 'Baumanii'",
        "tier": "avoid",
        "notes": "TOXIC — the shiny conkers are NOT the edible sweet chestnut (Castanea, which the city doesn't plant here). Do not eat.",
        "source": "montreal",
        "mtl": "https://donnees.montreal.ca/dataset/arbres",
        "where": "Sutherland-Sackville-Bain",
        "planted": "2021"
      }
    },
    {
      "type": "Feature",
      "id": "mtl102972",
      "geometry": {
        "type": "Point",
        "coordinates": [
          -73.540263,
          45.462312
        ]
      },
      "properties": {
        "name": "Cherry / chokecherry",
        "species": "Prunus virginiana 'Canada Red'",
        "tier": "prep",
        "notes": "Chokecherry & black cherry — cook the ripe fruit for jelly/syrup; astringent raw and the pits are cyanogenic. Never eat the pits.",
        "source": "montreal",
        "mtl": "https://donnees.montreal.ca/dataset/arbres",
        "where": "Sainte-Famille"
      }
    },
    {
      "type": "Feature",
      "id": "mtl102992",
      "geometry": {
        "type": "Point",
        "coordinates": [
          -73.547294,
          45.449632
        ]
      },
      "properties": {
        "name": "Birch",
        "species": "Betula papyrifera",
        "tier": "prep",
        "notes": "Tap the sap in early spring (boil down for birch syrup) and the aromatic inner bark/twigs for tea. A sap, not a snack.",
        "source": "montreal",
        "mtl": "https://donnees.montreal.ca/dataset/arbres",
        "where": "De L'Orée-Du-Fleuve"
      }
    },
    {
      "type": "Feature",
      "id": "mtl103003",
      "geometry": {
        "type": "Point",
        "coordinates": [
          -73.539576,
          45.461629
        ]
      },
      "properties": {
        "name": "Staghorn sumac",
        "species": "Rhus typhina",
        "tier": "snack",
        "notes": "Steep the fuzzy red drupe cones in cold water for pink lemonade.",
        "source": "montreal",
        "mtl": "https://donnees.montreal.ca/dataset/arbres",
        "where": "Sainte-Famille",
        "plant": "staghorn-sumac"
      }
    },
    {
      "type": "Feature",
      "id": "mtl103101",
      "geometry": {
        "type": "Point",
        "coordinates": [
          -73.577547,
          45.442531
        ]
      },
      "properties": {
        "name": "Sugar maple",
        "species": "Acer saccharum",
        "tier": "prep",
        "notes": "Tap in the Feb–Mar freeze/thaw and boil the sap to syrup — ~40:1. Needs a spile, bucket, and a lot of firewood.",
        "source": "montreal",
        "mtl": "https://donnees.montreal.ca/dataset/arbres",
        "where": "De L'Honorable-George-O'Reilley"
      }
    },
    {
      "type": "Feature",
      "id": "mtl103105",
      "geometry": {
        "type": "Point",
        "coordinates": [
          -73.562878,
          45.462014
        ]
      },
      "properties": {
        "name": "Hackberry",
        "species": "Celtis occidentalis",
        "tier": "snack",
        "notes": "Small orange-brown drupes in fall — thin sweet date-like flesh over a crunchable seed. Eat whole.",
        "source": "montreal",
        "mtl": "https://donnees.montreal.ca/dataset/arbres",
        "where": "Arthur-Therrien"
      }
    },
    {
      "type": "Feature",
      "id": "mtl103850",
      "geometry": {
        "type": "Point",
        "coordinates": [
          -73.551194,
          45.451017
        ]
      },
      "properties": {
        "name": "Staghorn sumac",
        "species": "Rhus typhina",
        "tier": "snack",
        "notes": "Steep the fuzzy red drupe cones in cold water for pink lemonade.",
        "source": "montreal",
        "mtl": "https://donnees.montreal.ca/dataset/arbres",
        "where": "De L'Orée-Du-Bois",
        "plant": "staghorn-sumac"
      }
    },
    {
      "type": "Feature",
      "id": "mtl103911",
      "geometry": {
        "type": "Point",
        "coordinates": [
          -73.548183,
          45.452233
        ]
      },
      "properties": {
        "name": "Linden",
        "species": "Tilia americana",
        "tier": "snack",
        "notes": "Young heart-shaped leaves are a mild salad green in spring; the fragrant flowers make a calming tea.",
        "source": "montreal",
        "mtl": "https://donnees.montreal.ca/dataset/arbres",
        "where": "De L'Orée-Du-Fleuve",
        "plant": "linden"
      }
    },
    {
      "type": "Feature",
      "id": "mtl103913",
      "geometry": {
        "type": "Point",
        "coordinates": [
          -73.5583,
          45.447484
        ]
      },
      "properties": {
        "name": "Serviceberry",
        "species": "Amelanchier",
        "tier": "snack",
        "notes": "Sweet blueberry-like pomes in late June — eat raw off the branch before the birds strip them.",
        "source": "montreal",
        "mtl": "https://donnees.montreal.ca/dataset/arbres",
        "where": "Maynard-Ferguson",
        "plant": "serviceberry"
      }
    },
    {
      "type": "Feature",
      "id": "mtl104133",
      "geometry": {
        "type": "Point",
        "coordinates": [
          -73.547033,
          45.449878
        ]
      },
      "properties": {
        "name": "Rowan",
        "species": "Sorbus aucuparia",
        "tier": "prep",
        "notes": "Cook the orange berries into a tart jelly after frost — raw they're astringent and mildly upsetting.",
        "source": "montreal",
        "mtl": "https://donnees.montreal.ca/dataset/arbres",
        "where": "De L'Orée-Du-Fleuve"
      }
    },
    {
      "type": "Feature",
      "id": "mtl104220",
      "geometry": {
        "type": "Point",
        "coordinates": [
          -73.549846,
          45.448729
        ]
      },
      "properties": {
        "name": "Black locust",
        "species": "Robinia pseudoacacia",
        "tier": "caution",
        "notes": "The flowers are edible (fritters); everything else — bark, leaves, pods, seeds — is TOXIC. Take only the blossoms, and be sure it's not a look-alike.",
        "source": "montreal",
        "mtl": "https://donnees.montreal.ca/dataset/arbres",
        "where": "De L'Orée-Du-Fleuve"
      }
    },
    {
      "type": "Feature",
      "id": "mtl104222",
      "geometry": {
        "type": "Point",
        "coordinates": [
          -73.549945,
          45.448708
        ]
      },
      "properties": {
        "name": "Staghorn sumac",
        "species": "Rhus typhina",
        "tier": "snack",
        "notes": "Steep the fuzzy red drupe cones in cold water for pink lemonade.",
        "source": "montreal",
        "mtl": "https://donnees.montreal.ca/dataset/arbres",
        "where": "De L'Orée-Du-Fleuve",
        "plant": "staghorn-sumac"
      }
    },
    {
      "type": "Feature",
      "id": "mtl104224",
      "geometry": {
        "type": "Point",
        "coordinates": [
          -73.549974,
          45.448704
        ]
      },
      "properties": {
        "name": "Staghorn sumac",
        "species": "Rhus typhina",
        "tier": "snack",
        "notes": "Steep the fuzzy red drupe cones in cold water for pink lemonade.",
        "source": "montreal",
        "mtl": "https://donnees.montreal.ca/dataset/arbres",
        "where": "De L'Orée-Du-Fleuve",
        "plant": "staghorn-sumac"
      }
    },
    {
      "type": "Feature",
      "id": "mtl104276",
      "geometry": {
        "type": "Point",
        "coordinates": [
          -73.536813,
          45.473031
        ]
      },
      "properties": {
        "name": "Black locust",
        "species": "Robinia pseudoacacia",
        "tier": "caution",
        "notes": "The flowers are edible (fritters); everything else — bark, leaves, pods, seeds — is TOXIC. Take only the blossoms, and be sure it's not a look-alike.",
        "source": "montreal",
        "mtl": "https://donnees.montreal.ca/dataset/arbres",
        "where": "Esplanade De La Pointe-Nord"
      }
    },
    {
      "type": "Feature",
      "id": "mtl104345",
      "geometry": {
        "type": "Point",
        "coordinates": [
          -73.562138,
          45.459178
        ]
      },
      "properties": {
        "name": "Rowan",
        "species": "Sorbus aucuparia",
        "tier": "prep",
        "notes": "Cook the orange berries into a tart jelly after frost — raw they're astringent and mildly upsetting.",
        "source": "montreal",
        "mtl": "https://donnees.montreal.ca/dataset/arbres",
        "where": "Monseigneur-J.-A.-Richard"
      }
    },
    {
      "type": "Feature",
      "id": "mtl104449",
      "geometry": {
        "type": "Point",
        "coordinates": [
          -73.566972,
          45.452113
        ]
      },
      "properties": {
        "name": "Cherry / chokecherry",
        "species": "Prunus serotina",
        "tier": "prep",
        "notes": "Chokecherry & black cherry — cook the ripe fruit for jelly/syrup; astringent raw and the pits are cyanogenic. Never eat the pits.",
        "source": "montreal",
        "mtl": "https://donnees.montreal.ca/dataset/arbres",
        "where": "Woodland",
        "planted": "2020"
      }
    },
    {
      "type": "Feature",
      "id": "mtl104452",
      "geometry": {
        "type": "Point",
        "coordinates": [
          -73.574819,
          45.466298
        ]
      },
      "properties": {
        "name": "Horse-chestnut",
        "species": "Aesculus x arnoldiana Autumn Splendor",
        "tier": "avoid",
        "notes": "TOXIC — the shiny conkers are NOT the edible sweet chestnut (Castanea, which the city doesn't plant here). Do not eat.",
        "source": "montreal",
        "mtl": "https://donnees.montreal.ca/dataset/arbres",
        "where": "Duquette",
        "planted": "2021"
      }
    },
    {
      "type": "Feature",
      "id": "mtl104503",
      "geometry": {
        "type": "Point",
        "coordinates": [
          -73.54089,
          45.474358
        ]
      },
      "properties": {
        "name": "Hickory",
        "species": "Carya cordiformis",
        "tier": "prep",
        "notes": "Shagbark (C. ovata) nuts are sweet — crack and pick; bitternut (C. cordiformis) is too bitter to bother. Bark makes a syrup.",
        "source": "montreal",
        "mtl": "https://donnees.montreal.ca/dataset/arbres",
        "where": "Esplanade De La Pointe-Nord",
        "planted": "2021"
      }
    },
    {
      "type": "Feature",
      "id": "mtl104508",
      "geometry": {
        "type": "Point",
        "coordinates": [
          -73.540674,
          45.474494
        ]
      },
      "properties": {
        "name": "Walnut / butternut",
        "species": "Juglans nigra",
        "tier": "prep",
        "notes": "Husk and cure the nuts in fall — the husks stain everything, wear gloves. Butternut (J. cinerea) is milder than black walnut.",
        "source": "montreal",
        "mtl": "https://donnees.montreal.ca/dataset/arbres",
        "where": "Esplanade De La Pointe-Nord",
        "planted": "2021"
      }
    },
    {
      "type": "Feature",
      "id": "mtl104527",
      "geometry": {
        "type": "Point",
        "coordinates": [
          -73.553599,
          45.462699
        ]
      },
      "properties": {
        "name": "Horse-chestnut",
        "species": "Aesculus hippocastanum 'Baumanii'",
        "tier": "avoid",
        "notes": "TOXIC — the shiny conkers are NOT the edible sweet chestnut (Castanea, which the city doesn't plant here). Do not eat.",
        "source": "montreal",
        "mtl": "https://donnees.montreal.ca/dataset/arbres",
        "where": "Lacoursière",
        "planted": "2021"
      }
    },
    {
      "type": "Feature",
      "id": "mtl104558",
      "geometry": {
        "type": "Point",
        "coordinates": [
          -73.543651,
          45.47308
        ]
      },
      "properties": {
        "name": "Hickory",
        "species": "Carya ovata",
        "tier": "prep",
        "notes": "Shagbark (C. ovata) nuts are sweet — crack and pick; bitternut (C. cordiformis) is too bitter to bother. Bark makes a syrup.",
        "source": "montreal",
        "mtl": "https://donnees.montreal.ca/dataset/arbres",
        "where": "Esplanade De La Pointe-Nord",
        "planted": "2021"
      }
    },
    {
      "type": "Feature",
      "id": "mtl104570",
      "geometry": {
        "type": "Point",
        "coordinates": [
          -73.545184,
          45.471723
        ]
      },
      "properties": {
        "name": "Birch",
        "species": "Betula alleghaniensis",
        "tier": "prep",
        "notes": "Tap the sap in early spring (boil down for birch syrup) and the aromatic inner bark/twigs for tea. A sap, not a snack.",
        "source": "montreal",
        "mtl": "https://donnees.montreal.ca/dataset/arbres",
        "where": "Esplanade De La Pointe-Nord",
        "planted": "2021"
      }
    },
    {
      "type": "Feature",
      "id": "mtl104576",
      "geometry": {
        "type": "Point",
        "coordinates": [
          -73.56925,
          45.470989
        ]
      },
      "properties": {
        "name": "Pear",
        "species": "Pyrus calleryana 'Glen's Form (Chantecleer)",
        "tier": "snack",
        "notes": "Most street pears are ornamental Callery — tiny hard fruit, only edible frost-softened. The odd 'Bartlett' is a real pear.",
        "source": "montreal",
        "mtl": "https://donnees.montreal.ca/dataset/arbres",
        "where": "Poirier",
        "planted": "2020"
      }
    },
    {
      "type": "Feature",
      "id": "mtl104591",
      "geometry": {
        "type": "Point",
        "coordinates": [
          -73.541408,
          45.457485
        ]
      },
      "properties": {
        "name": "Hickory",
        "species": "Carya cordiformis",
        "tier": "prep",
        "notes": "Shagbark (C. ovata) nuts are sweet — crack and pick; bitternut (C. cordiformis) is too bitter to bother. Bark makes a syrup.",
        "source": "montreal",
        "mtl": "https://donnees.montreal.ca/dataset/arbres",
        "where": "De West Vancouver",
        "planted": "2021"
      }
    },
    {
      "type": "Feature",
      "id": "mtl104629",
      "geometry": {
        "type": "Point",
        "coordinates": [
          -73.560128,
          45.466572
        ]
      },
      "properties": {
        "name": "Beech",
        "species": "Fagus grandifolia",
        "tier": "prep",
        "notes": "Beechnuts in fall are edible in small amounts raw, better roasted; the raw nut skin is mildly bitter/laxative in quantity.",
        "source": "montreal",
        "mtl": "https://donnees.montreal.ca/dataset/arbres",
        "where": "Arthur-Therrien",
        "planted": "2022"
      }
    },
    {
      "type": "Feature",
      "id": "mtl104641",
      "geometry": {
        "type": "Point",
        "coordinates": [
          -73.560056,
          45.465966
        ]
      },
      "properties": {
        "name": "Oak (acorns)",
        "species": "Quercus macrocarpa",
        "tier": "prep",
        "notes": "Gather sound acorns in fall; leach the ground meal in several changes of water to pull the tannins, then use as flour. White-oak group leaches easier.",
        "source": "montreal",
        "mtl": "https://donnees.montreal.ca/dataset/arbres",
        "where": "Arthur-Therrien",
        "planted": "2022"
      }
    },
    {
      "type": "Feature",
      "id": "mtl104644",
      "geometry": {
        "type": "Point",
        "coordinates": [
          -73.560226,
          45.46572
        ]
      },
      "properties": {
        "name": "Hickory",
        "species": "Carya ovata",
        "tier": "prep",
        "notes": "Shagbark (C. ovata) nuts are sweet — crack and pick; bitternut (C. cordiformis) is too bitter to bother. Bark makes a syrup.",
        "source": "montreal",
        "mtl": "https://donnees.montreal.ca/dataset/arbres",
        "where": "Arthur-Therrien",
        "planted": "2022"
      }
    },
    {
      "type": "Feature",
      "id": "mtl104656",
      "geometry": {
        "type": "Point",
        "coordinates": [
          -73.560674,
          45.464887
        ]
      },
      "properties": {
        "name": "Hawthorn",
        "species": "Crataegus crus-galli inermis",
        "tier": "snack",
        "notes": "Red haws off the tree in fall — nibble the thin flesh, spit the seeds (never chew them).",
        "source": "montreal",
        "mtl": "https://donnees.montreal.ca/dataset/arbres",
        "where": "Arthur-Therrien",
        "planted": "2022"
      }
    },
    {
      "type": "Feature",
      "id": "mtl104657",
      "geometry": {
        "type": "Point",
        "coordinates": [
          -73.560684,
          45.464841
        ]
      },
      "properties": {
        "name": "Hawthorn",
        "species": "Crataegus crus-galli inermis",
        "tier": "snack",
        "notes": "Red haws off the tree in fall — nibble the thin flesh, spit the seeds (never chew them).",
        "source": "montreal",
        "mtl": "https://donnees.montreal.ca/dataset/arbres",
        "where": "Arthur-Therrien",
        "planted": "2022"
      }
    },
    {
      "type": "Feature",
      "id": "mtl104674",
      "geometry": {
        "type": "Point",
        "coordinates": [
          -73.560603,
          45.464126
        ]
      },
      "properties": {
        "name": "Serviceberry",
        "species": "Amelanchier canadensis",
        "tier": "snack",
        "notes": "Sweet blueberry-like pomes in late June — eat raw off the branch before the birds strip them.",
        "source": "montreal",
        "mtl": "https://donnees.montreal.ca/dataset/arbres",
        "where": "Arthur-Therrien",
        "planted": "2022",
        "plant": "serviceberry"
      }
    },
    {
      "type": "Feature",
      "id": "mtl104699",
      "geometry": {
        "type": "Point",
        "coordinates": [
          -73.54172,
          45.457483
        ]
      },
      "properties": {
        "name": "Beech",
        "species": "Fagus grandifolia",
        "tier": "prep",
        "notes": "Beechnuts in fall are edible in small amounts raw, better roasted; the raw nut skin is mildly bitter/laxative in quantity.",
        "source": "montreal",
        "mtl": "https://donnees.montreal.ca/dataset/arbres",
        "where": "De West Vancouver",
        "planted": "2021"
      }
    },
    {
      "type": "Feature",
      "id": "mtl104700",
      "geometry": {
        "type": "Point",
        "coordinates": [
          -73.541837,
          45.457457
        ]
      },
      "properties": {
        "name": "Beech",
        "species": "Fagus grandifolia",
        "tier": "prep",
        "notes": "Beechnuts in fall are edible in small amounts raw, better roasted; the raw nut skin is mildly bitter/laxative in quantity.",
        "source": "montreal",
        "mtl": "https://donnees.montreal.ca/dataset/arbres",
        "where": "De West Vancouver",
        "planted": "2021"
      }
    },
    {
      "type": "Feature",
      "id": "mtl104710",
      "geometry": {
        "type": "Point",
        "coordinates": [
          -73.53972,
          45.462174
        ]
      },
      "properties": {
        "name": "Beech",
        "species": "Fagus grandifolia",
        "tier": "prep",
        "notes": "Beechnuts in fall are edible in small amounts raw, better roasted; the raw nut skin is mildly bitter/laxative in quantity.",
        "source": "montreal",
        "mtl": "https://donnees.montreal.ca/dataset/arbres",
        "where": "Sainte-Famille",
        "planted": "2021"
      }
    },
    {
      "type": "Feature",
      "id": "mtl104712",
      "geometry": {
        "type": "Point",
        "coordinates": [
          -73.540375,
          45.462167
        ]
      },
      "properties": {
        "name": "Walnut / butternut",
        "species": "Juglans nigra",
        "tier": "prep",
        "notes": "Husk and cure the nuts in fall — the husks stain everything, wear gloves. Butternut (J. cinerea) is milder than black walnut.",
        "source": "montreal",
        "mtl": "https://donnees.montreal.ca/dataset/arbres",
        "where": "Sainte-Famille",
        "planted": "2021"
      }
    },
    {
      "type": "Feature",
      "id": "mtl104741",
      "geometry": {
        "type": "Point",
        "coordinates": [
          -73.548337,
          45.448748
        ]
      },
      "properties": {
        "name": "Birch",
        "species": "Betula populifolia",
        "tier": "prep",
        "notes": "Tap the sap in early spring (boil down for birch syrup) and the aromatic inner bark/twigs for tea. A sap, not a snack.",
        "source": "montreal",
        "mtl": "https://donnees.montreal.ca/dataset/arbres",
        "where": "De L'Orée-Du-Fleuve",
        "planted": "2022"
      }
    },
    {
      "type": "Feature",
      "id": "mtl104742",
      "geometry": {
        "type": "Point",
        "coordinates": [
          -73.550822,
          45.448742
        ]
      },
      "properties": {
        "name": "Beech",
        "species": "Fagus grandifolia",
        "tier": "prep",
        "notes": "Beechnuts in fall are edible in small amounts raw, better roasted; the raw nut skin is mildly bitter/laxative in quantity.",
        "source": "montreal",
        "mtl": "https://donnees.montreal.ca/dataset/arbres",
        "where": "De L'Orée-Du-Fleuve",
        "planted": "2022"
      }
    },
    {
      "type": "Feature",
      "id": "mtl104743",
      "geometry": {
        "type": "Point",
        "coordinates": [
          -73.551093,
          45.448683
        ]
      },
      "properties": {
        "name": "Beech",
        "species": "Fagus grandifolia",
        "tier": "prep",
        "notes": "Beechnuts in fall are edible in small amounts raw, better roasted; the raw nut skin is mildly bitter/laxative in quantity.",
        "source": "montreal",
        "mtl": "https://donnees.montreal.ca/dataset/arbres",
        "where": "De L'Orée-Du-Fleuve",
        "planted": "2022"
      }
    },
    {
      "type": "Feature",
      "id": "mtl104755",
      "geometry": {
        "type": "Point",
        "coordinates": [
          -73.555939,
          45.446418
        ]
      },
      "properties": {
        "name": "Beech",
        "species": "Fagus grandifolia",
        "tier": "prep",
        "notes": "Beechnuts in fall are edible in small amounts raw, better roasted; the raw nut skin is mildly bitter/laxative in quantity.",
        "source": "montreal",
        "mtl": "https://donnees.montreal.ca/dataset/arbres",
        "where": "Maynard-Ferguson",
        "planted": "2022"
      }
    },
    {
      "type": "Feature",
      "id": "mtl104762",
      "geometry": {
        "type": "Point",
        "coordinates": [
          -73.558912,
          45.445821
        ]
      },
      "properties": {
        "name": "Cherry / chokecherry",
        "species": "Prunus serotina",
        "tier": "prep",
        "notes": "Chokecherry & black cherry — cook the ripe fruit for jelly/syrup; astringent raw and the pits are cyanogenic. Never eat the pits.",
        "source": "montreal",
        "mtl": "https://donnees.montreal.ca/dataset/arbres",
        "where": "Maynard-Ferguson",
        "planted": "2022"
      }
    },
    {
      "type": "Feature",
      "id": "mtl104773",
      "geometry": {
        "type": "Point",
        "coordinates": [
          -73.558591,
          45.456352
        ]
      },
      "properties": {
        "name": "Walnut / butternut",
        "species": "Juglans nigra",
        "tier": "prep",
        "notes": "Husk and cure the nuts in fall — the husks stain everything, wear gloves. Butternut (J. cinerea) is milder than black walnut.",
        "source": "montreal",
        "mtl": "https://donnees.montreal.ca/dataset/arbres",
        "where": "Adrien-D.-Archambault (Jc)",
        "planted": "2022"
      }
    },
    {
      "type": "Feature",
      "id": "mtl104784",
      "geometry": {
        "type": "Point",
        "coordinates": [
          -73.578036,
          45.448332
        ]
      },
      "properties": {
        "name": "Hickory",
        "species": "Carya cordiformis",
        "tier": "prep",
        "notes": "Shagbark (C. ovata) nuts are sweet — crack and pick; bitternut (C. cordiformis) is too bitter to bother. Bark makes a syrup.",
        "source": "montreal",
        "mtl": "https://donnees.montreal.ca/dataset/arbres",
        "where": "Wilson",
        "planted": "2022"
      }
    },
    {
      "type": "Feature",
      "id": "mtl104799",
      "geometry": {
        "type": "Point",
        "coordinates": [
          -73.560582,
          45.460039
        ]
      },
      "properties": {
        "name": "Horse-chestnut",
        "species": "Aesculus glabra",
        "tier": "avoid",
        "notes": "TOXIC — the shiny conkers are NOT the edible sweet chestnut (Castanea, which the city doesn't plant here). Do not eat.",
        "source": "montreal",
        "mtl": "https://donnees.montreal.ca/dataset/arbres",
        "where": "Monseigneur-J.-A.-Richard",
        "planted": "2023"
      }
    },
    {
      "type": "Feature",
      "id": "mtl104806",
      "geometry": {
        "type": "Point",
        "coordinates": [
          -73.560693,
          45.459565
        ]
      },
      "properties": {
        "name": "Beech",
        "species": "Fagus grandifolia",
        "tier": "prep",
        "notes": "Beechnuts in fall are edible in small amounts raw, better roasted; the raw nut skin is mildly bitter/laxative in quantity.",
        "source": "montreal",
        "mtl": "https://donnees.montreal.ca/dataset/arbres",
        "where": "Monseigneur-J.-A.-Richard",
        "planted": "2023"
      }
    },
    {
      "type": "Feature",
      "id": "mtl104823",
      "geometry": {
        "type": "Point",
        "coordinates": [
          -73.562201,
          45.466087
        ]
      },
      "properties": {
        "name": "Crabapple / apple",
        "species": "Malus",
        "tier": "snack",
        "notes": "Street crabapples — taste one; most are tart but good, cook the sour ones into jelly. The city plants dozens of cultivars.",
        "source": "montreal",
        "mtl": "https://donnees.montreal.ca/dataset/arbres",
        "where": "Arthur-Therrien",
        "plant": "apple"
      }
    },
    {
      "type": "Feature",
      "id": "mtl104849",
      "geometry": {
        "type": "Point",
        "coordinates": [
          -73.590112,
          45.446155
        ]
      },
      "properties": {
        "name": "Horse-chestnut",
        "species": "Aesculus",
        "tier": "avoid",
        "notes": "TOXIC — the shiny conkers are NOT the edible sweet chestnut (Castanea, which the city doesn't plant here). Do not eat.",
        "source": "montreal",
        "mtl": "https://donnees.montreal.ca/dataset/arbres",
        "where": "Champlain",
        "planted": "2019"
      }
    },
    {
      "type": "Feature",
      "id": "mtl104861",
      "geometry": {
        "type": "Point",
        "coordinates": [
          -73.579797,
          45.440262
        ]
      },
      "properties": {
        "name": "Hickory",
        "species": "Carya cordiformis",
        "tier": "prep",
        "notes": "Shagbark (C. ovata) nuts are sweet — crack and pick; bitternut (C. cordiformis) is too bitter to bother. Bark makes a syrup.",
        "source": "montreal",
        "mtl": "https://donnees.montreal.ca/dataset/arbres",
        "where": "De L'Honorable-George-O'Reilley",
        "planted": "2022"
      }
    },
    {
      "type": "Feature",
      "id": "mtl104914",
      "geometry": {
        "type": "Point",
        "coordinates": [
          -73.543825,
          45.464412
        ]
      },
      "properties": {
        "name": "Rowan",
        "species": "Sorbus aucuparia 'Rossica'",
        "tier": "prep",
        "notes": "Cook the orange berries into a tart jelly after frost — raw they're astringent and mildly upsetting.",
        "source": "montreal",
        "mtl": "https://donnees.montreal.ca/dataset/arbres",
        "where": "De La Fontaine",
        "planted": "2021"
      }
    },
    {
      "type": "Feature",
      "id": "mtl104921",
      "geometry": {
        "type": "Point",
        "coordinates": [
          -73.560973,
          45.458809
        ]
      },
      "properties": {
        "name": "Horse-chestnut",
        "species": "Aesculus x arnoldiana Autumn Splendor",
        "tier": "avoid",
        "notes": "TOXIC — the shiny conkers are NOT the edible sweet chestnut (Castanea, which the city doesn't plant here). Do not eat.",
        "source": "montreal",
        "mtl": "https://donnees.montreal.ca/dataset/arbres",
        "where": "Monseigneur-J.-A.-Richard",
        "planted": "2021"
      }
    },
    {
      "type": "Feature",
      "id": "mtl104986",
      "geometry": {
        "type": "Point",
        "coordinates": [
          -73.575025,
          45.443067
        ]
      },
      "properties": {
        "name": "Walnut / butternut",
        "species": "Juglans nigra",
        "tier": "prep",
        "notes": "Husk and cure the nuts in fall — the husks stain everything, wear gloves. Butternut (J. cinerea) is milder than black walnut.",
        "source": "montreal",
        "mtl": "https://donnees.montreal.ca/dataset/arbres",
        "where": "De L'Honorable-George-O'Reilley",
        "planted": "2023"
      }
    },
    {
      "type": "Feature",
      "id": "mtl104990",
      "geometry": {
        "type": "Point",
        "coordinates": [
          -73.574513,
          45.44335
        ]
      },
      "properties": {
        "name": "Hickory",
        "species": "Carya ovata",
        "tier": "prep",
        "notes": "Shagbark (C. ovata) nuts are sweet — crack and pick; bitternut (C. cordiformis) is too bitter to bother. Bark makes a syrup.",
        "source": "montreal",
        "mtl": "https://donnees.montreal.ca/dataset/arbres",
        "where": "De L'Honorable-George-O'Reilley",
        "planted": "2023"
      }
    },
    {
      "type": "Feature",
      "id": "mtl105011",
      "geometry": {
        "type": "Point",
        "coordinates": [
          -73.571414,
          45.44578
        ]
      },
      "properties": {
        "name": "Hickory",
        "species": "Carya ovata",
        "tier": "prep",
        "notes": "Shagbark (C. ovata) nuts are sweet — crack and pick; bitternut (C. cordiformis) is too bitter to bother. Bark makes a syrup.",
        "source": "montreal",
        "mtl": "https://donnees.montreal.ca/dataset/arbres",
        "where": "De L'Honorable-George-O'Reilley",
        "planted": "2023"
      }
    },
    {
      "type": "Feature",
      "id": "mtl105030",
      "geometry": {
        "type": "Point",
        "coordinates": [
          -73.569785,
          45.447286
        ]
      },
      "properties": {
        "name": "Serviceberry",
        "species": "Amelanchier laevis",
        "tier": "snack",
        "notes": "Sweet blueberry-like pomes in late June — eat raw off the branch before the birds strip them.",
        "source": "montreal",
        "mtl": "https://donnees.montreal.ca/dataset/arbres",
        "where": "De L'Honorable-George-O'Reilley",
        "planted": "2023",
        "plant": "serviceberry"
      }
    },
    {
      "type": "Feature",
      "id": "mtl105047",
      "geometry": {
        "type": "Point",
        "coordinates": [
          -73.567206,
          45.450029
        ]
      },
      "properties": {
        "name": "Birch",
        "species": "Betula papyrifera",
        "tier": "prep",
        "notes": "Tap the sap in early spring (boil down for birch syrup) and the aromatic inner bark/twigs for tea. A sap, not a snack.",
        "source": "montreal",
        "mtl": "https://donnees.montreal.ca/dataset/arbres",
        "where": "De L'Honorable-George-O'Reilley",
        "planted": "2023"
      }
    },
    {
      "type": "Feature",
      "id": "mtl105062",
      "geometry": {
        "type": "Point",
        "coordinates": [
          -73.567717,
          45.449205
        ]
      },
      "properties": {
        "name": "Oak (acorns)",
        "species": "Quercus bicolor",
        "tier": "prep",
        "notes": "Gather sound acorns in fall; leach the ground meal in several changes of water to pull the tannins, then use as flour. White-oak group leaches easier.",
        "source": "montreal",
        "mtl": "https://donnees.montreal.ca/dataset/arbres",
        "where": "De L'Honorable-George-O'Reilley",
        "planted": "2023"
      }
    },
    {
      "type": "Feature",
      "id": "mtl105077",
      "geometry": {
        "type": "Point",
        "coordinates": [
          -73.570246,
          45.446675
        ]
      },
      "properties": {
        "name": "Walnut / butternut",
        "species": "Juglans nigra",
        "tier": "prep",
        "notes": "Husk and cure the nuts in fall — the husks stain everything, wear gloves. Butternut (J. cinerea) is milder than black walnut.",
        "source": "montreal",
        "mtl": "https://donnees.montreal.ca/dataset/arbres",
        "where": "De L'Honorable-George-O'Reilley",
        "planted": "2023"
      }
    },
    {
      "type": "Feature",
      "id": "mtl105086",
      "geometry": {
        "type": "Point",
        "coordinates": [
          -73.575009,
          45.444465
        ]
      },
      "properties": {
        "name": "Horse-chestnut",
        "species": "Aesculus hippocastanum 'Baumanii'",
        "tier": "avoid",
        "notes": "TOXIC — the shiny conkers are NOT the edible sweet chestnut (Castanea, which the city doesn't plant here). Do not eat.",
        "source": "montreal",
        "mtl": "https://donnees.montreal.ca/dataset/arbres",
        "where": "De L'Honorable-George-O'Reilley",
        "planted": "2023"
      }
    },
    {
      "type": "Feature",
      "id": "mtl105101",
      "geometry": {
        "type": "Point",
        "coordinates": [
          -73.573255,
          45.445573
        ]
      },
      "properties": {
        "name": "Hickory",
        "species": "Carya cordiformis",
        "tier": "prep",
        "notes": "Shagbark (C. ovata) nuts are sweet — crack and pick; bitternut (C. cordiformis) is too bitter to bother. Bark makes a syrup.",
        "source": "montreal",
        "mtl": "https://donnees.montreal.ca/dataset/arbres",
        "where": "De L'Honorable-George-O'Reilley",
        "planted": "2023"
      }
    },
    {
      "type": "Feature",
      "id": "mtl105108",
      "geometry": {
        "type": "Point",
        "coordinates": [
          -73.572588,
          45.446362
        ]
      },
      "properties": {
        "name": "Crabapple / apple",
        "species": "Malus x 'Robinson'",
        "tier": "snack",
        "notes": "Street crabapples — taste one; most are tart but good, cook the sour ones into jelly. The city plants dozens of cultivars.",
        "source": "montreal",
        "mtl": "https://donnees.montreal.ca/dataset/arbres",
        "where": "De L'Honorable-George-O'Reilley",
        "planted": "2023",
        "plant": "apple"
      }
    },
    {
      "type": "Feature",
      "id": "mtl105134",
      "geometry": {
        "type": "Point",
        "coordinates": [
          -73.573059,
          45.445423
        ]
      },
      "properties": {
        "name": "Beech",
        "species": "Fagus grandifolia",
        "tier": "prep",
        "notes": "Beechnuts in fall are edible in small amounts raw, better roasted; the raw nut skin is mildly bitter/laxative in quantity.",
        "source": "montreal",
        "mtl": "https://donnees.montreal.ca/dataset/arbres",
        "where": "De L'Honorable-George-O'Reilley",
        "planted": "2023"
      }
    },
    {
      "type": "Feature",
      "id": "mtl105135",
      "geometry": {
        "type": "Point",
        "coordinates": [
          -73.57297,
          45.445503
        ]
      },
      "properties": {
        "name": "Beech",
        "species": "Fagus grandifolia",
        "tier": "prep",
        "notes": "Beechnuts in fall are edible in small amounts raw, better roasted; the raw nut skin is mildly bitter/laxative in quantity.",
        "source": "montreal",
        "mtl": "https://donnees.montreal.ca/dataset/arbres",
        "where": "De L'Honorable-George-O'Reilley",
        "planted": "2023"
      }
    },
    {
      "type": "Feature",
      "id": "mtl105175",
      "geometry": {
        "type": "Point",
        "coordinates": [
          -73.566293,
          45.450653
        ]
      },
      "properties": {
        "name": "Serviceberry",
        "species": "Amelanchier laevis",
        "tier": "snack",
        "notes": "Sweet blueberry-like pomes in late June — eat raw off the branch before the birds strip them.",
        "source": "montreal",
        "mtl": "https://donnees.montreal.ca/dataset/arbres",
        "where": "De L'Honorable-George-O'Reilley",
        "planted": "2023",
        "plant": "serviceberry"
      }
    },
    {
      "type": "Feature",
      "id": "mtl105179",
      "geometry": {
        "type": "Point",
        "coordinates": [
          -73.566043,
          45.451035
        ]
      },
      "properties": {
        "name": "Hackberry",
        "species": "Celtis occidentalis",
        "tier": "snack",
        "notes": "Small orange-brown drupes in fall — thin sweet date-like flesh over a crunchable seed. Eat whole.",
        "source": "montreal",
        "mtl": "https://donnees.montreal.ca/dataset/arbres",
        "where": "De L'Honorable-George-O'Reilley",
        "planted": "2023"
      }
    },
    {
      "type": "Feature",
      "id": "mtl105198",
      "geometry": {
        "type": "Point",
        "coordinates": [
          -73.566508,
          45.452869
        ]
      },
      "properties": {
        "name": "Beech",
        "species": "Fagus grandifolia",
        "tier": "prep",
        "notes": "Beechnuts in fall are edible in small amounts raw, better roasted; the raw nut skin is mildly bitter/laxative in quantity.",
        "source": "montreal",
        "mtl": "https://donnees.montreal.ca/dataset/arbres",
        "where": "Desmarchais",
        "planted": "2023"
      }
    },
    {
      "type": "Feature",
      "id": "mtl105202",
      "geometry": {
        "type": "Point",
        "coordinates": [
          -73.564315,
          45.45472
        ]
      },
      "properties": {
        "name": "Walnut / butternut",
        "species": "Juglans nigra",
        "tier": "prep",
        "notes": "Husk and cure the nuts in fall — the husks stain everything, wear gloves. Butternut (J. cinerea) is milder than black walnut.",
        "source": "montreal",
        "mtl": "https://donnees.montreal.ca/dataset/arbres",
        "where": "Desmarchais",
        "planted": "2023"
      }
    },
    {
      "type": "Feature",
      "id": "mtl105247",
      "geometry": {
        "type": "Point",
        "coordinates": [
          -73.565693,
          45.453143
        ]
      },
      "properties": {
        "name": "Ginkgo",
        "species": "Ginkgo biloba mâle",
        "tier": "caution",
        "notes": "Only female trees fruit; the fallen flesh reeks and blisters skin (handle with gloves). The inner nut is edible COOKED and in small amounts only — raw/excess is toxic. Most street ginkgos are fruitless male cultivars.",
        "source": "montreal",
        "mtl": "https://donnees.montreal.ca/dataset/arbres",
        "where": "De L'Honorable-George-O'Reilley",
        "planted": "2023"
      }
    },
    {
      "type": "Feature",
      "id": "mtl105259",
      "geometry": {
        "type": "Point",
        "coordinates": [
          -73.561991,
          45.457437
        ]
      },
      "properties": {
        "name": "Linden",
        "species": "Tilia americana",
        "tier": "snack",
        "notes": "Young heart-shaped leaves are a mild salad green in spring; the fragrant flowers make a calming tea.",
        "source": "montreal",
        "mtl": "https://donnees.montreal.ca/dataset/arbres",
        "where": "Monseigneur-J.-A.-Richard",
        "planted": "2023",
        "plant": "linden"
      }
    },
    {
      "type": "Feature",
      "id": "mtl105264",
      "geometry": {
        "type": "Point",
        "coordinates": [
          -73.561134,
          45.458407
        ]
      },
      "properties": {
        "name": "Beech",
        "species": "Fagus grandifolia",
        "tier": "prep",
        "notes": "Beechnuts in fall are edible in small amounts raw, better roasted; the raw nut skin is mildly bitter/laxative in quantity.",
        "source": "montreal",
        "mtl": "https://donnees.montreal.ca/dataset/arbres",
        "where": "Monseigneur-J.-A.-Richard",
        "planted": "2023"
      }
    },
    {
      "type": "Feature",
      "id": "mtl105265",
      "geometry": {
        "type": "Point",
        "coordinates": [
          -73.561206,
          45.458327
        ]
      },
      "properties": {
        "name": "Beech",
        "species": "Fagus grandifolia",
        "tier": "prep",
        "notes": "Beechnuts in fall are edible in small amounts raw, better roasted; the raw nut skin is mildly bitter/laxative in quantity.",
        "source": "montreal",
        "mtl": "https://donnees.montreal.ca/dataset/arbres",
        "where": "Monseigneur-J.-A.-Richard",
        "planted": "2023"
      }
    },
    {
      "type": "Feature",
      "id": "mtl105275",
      "geometry": {
        "type": "Point",
        "coordinates": [
          -73.565624,
          45.451861
        ]
      },
      "properties": {
        "name": "Hackberry",
        "species": "Celtis occidentalis",
        "tier": "snack",
        "notes": "Small orange-brown drupes in fall — thin sweet date-like flesh over a crunchable seed. Eat whole.",
        "source": "montreal",
        "mtl": "https://donnees.montreal.ca/dataset/arbres",
        "where": "De L'Honorable-George-O'Reilley",
        "planted": "2023"
      }
    },
    {
      "type": "Feature",
      "id": "mtl105419",
      "geometry": {
        "type": "Point",
        "coordinates": [
          -73.556106,
          45.4612
        ]
      },
      "properties": {
        "name": "Walnut / butternut",
        "species": "Juglans cinerea",
        "tier": "prep",
        "notes": "Husk and cure the nuts in fall — the husks stain everything, wear gloves. Butternut (J. cinerea) is milder than black walnut.",
        "source": "montreal",
        "mtl": "https://donnees.montreal.ca/dataset/arbres",
        "where": "Du Club Marin",
        "planted": "2025"
      }
    },
    {
      "type": "Feature",
      "id": "mtl105424",
      "geometry": {
        "type": "Point",
        "coordinates": [
          -73.575598,
          45.443011
        ]
      },
      "properties": {
        "name": "Beech",
        "species": "Fagus grandifolia",
        "tier": "prep",
        "notes": "Beechnuts in fall are edible in small amounts raw, better roasted; the raw nut skin is mildly bitter/laxative in quantity.",
        "source": "montreal",
        "mtl": "https://donnees.montreal.ca/dataset/arbres",
        "where": "De L'Honorable-George-O'Reilley",
        "planted": "2023"
      }
    },
    {
      "type": "Feature",
      "id": "mtl105426",
      "geometry": {
        "type": "Point",
        "coordinates": [
          -73.575605,
          45.443305
        ]
      },
      "properties": {
        "name": "Birch",
        "species": "Betula papyrifera",
        "tier": "prep",
        "notes": "Tap the sap in early spring (boil down for birch syrup) and the aromatic inner bark/twigs for tea. A sap, not a snack.",
        "source": "montreal",
        "mtl": "https://donnees.montreal.ca/dataset/arbres",
        "where": "De L'Honorable-George-O'Reilley",
        "planted": "2023"
      }
    },
    {
      "type": "Feature",
      "id": "mtl105434",
      "geometry": {
        "type": "Point",
        "coordinates": [
          -73.582019,
          45.448845
        ]
      },
      "properties": {
        "name": "Black maple",
        "species": "Acer nigrum",
        "tier": "prep",
        "notes": "Sugar-maple's twin — tap and boil the sap to syrup exactly the same way.",
        "source": "montreal",
        "mtl": "https://donnees.montreal.ca/dataset/arbres",
        "where": "Wilson"
      }
    },
    {
      "type": "Feature",
      "id": "mtl105600",
      "geometry": {
        "type": "Point",
        "coordinates": [
          -73.556736,
          45.456577
        ]
      },
      "properties": {
        "name": "Pear",
        "species": "Pyrus communis ''Bartlett''",
        "tier": "snack",
        "notes": "Most street pears are ornamental Callery — tiny hard fruit, only edible frost-softened. The odd 'Bartlett' is a real pear.",
        "source": "montreal",
        "mtl": "https://donnees.montreal.ca/dataset/arbres",
        "where": "Adrien-D.-Archambault (Jc)",
        "planted": "2024"
      }
    },
    {
      "type": "Feature",
      "id": "mtl105619",
      "geometry": {
        "type": "Point",
        "coordinates": [
          -73.547068,
          45.457154
        ]
      },
      "properties": {
        "name": "Hickory",
        "species": "Carya cordiformis",
        "tier": "prep",
        "notes": "Shagbark (C. ovata) nuts are sweet — crack and pick; bitternut (C. cordiformis) is too bitter to bother. Bark makes a syrup.",
        "source": "montreal",
        "mtl": "https://donnees.montreal.ca/dataset/arbres",
        "where": "Elgar",
        "planted": "2024"
      }
    },
    {
      "type": "Feature",
      "id": "mtl105664",
      "geometry": {
        "type": "Point",
        "coordinates": [
          -73.568358,
          45.464823
        ]
      },
      "properties": {
        "name": "Serviceberry",
        "species": "Amelanchier canadensis",
        "tier": "snack",
        "notes": "Sweet blueberry-like pomes in late June — eat raw off the branch before the birds strip them.",
        "source": "montreal",
        "mtl": "https://donnees.montreal.ca/dataset/arbres",
        "where": "Joannette",
        "planted": "2024",
        "plant": "serviceberry"
      }
    },
    {
      "type": "Feature",
      "id": "mtl105731",
      "geometry": {
        "type": "Point",
        "coordinates": [
          -73.542605,
          45.456446
        ]
      },
      "properties": {
        "name": "Horse-chestnut",
        "species": "Aesculus",
        "tier": "avoid",
        "notes": "TOXIC — the shiny conkers are NOT the edible sweet chestnut (Castanea, which the city doesn't plant here). Do not eat.",
        "source": "montreal",
        "mtl": "https://donnees.montreal.ca/dataset/arbres",
        "where": "De West Vancouver"
      }
    },
    {
      "type": "Feature",
      "id": "mtl105736",
      "geometry": {
        "type": "Point",
        "coordinates": [
          -73.54239,
          45.456304
        ]
      },
      "properties": {
        "name": "Sugar maple",
        "species": "Acer saccharum",
        "tier": "prep",
        "notes": "Tap in the Feb–Mar freeze/thaw and boil the sap to syrup — ~40:1. Needs a spile, bucket, and a lot of firewood.",
        "source": "montreal",
        "mtl": "https://donnees.montreal.ca/dataset/arbres",
        "where": "De West Vancouver"
      }
    },
    {
      "type": "Feature",
      "id": "mtl105873",
      "geometry": {
        "type": "Point",
        "coordinates": [
          -73.564499,
          45.458702
        ]
      },
      "properties": {
        "name": "Hazelnut",
        "species": "Corylus colurna",
        "tier": "snack",
        "notes": "Filberts in late summer — crack and eat raw once the husks brown.",
        "source": "montreal",
        "mtl": "https://donnees.montreal.ca/dataset/arbres",
        "where": "Ruelles Vertes  Verdun",
        "planted": "2024"
      }
    },
    {
      "type": "Feature",
      "id": "mtl105881",
      "geometry": {
        "type": "Point",
        "coordinates": [
          -73.566499,
          45.45879
        ]
      },
      "properties": {
        "name": "Beech",
        "species": "Fagus grandifolia",
        "tier": "prep",
        "notes": "Beechnuts in fall are edible in small amounts raw, better roasted; the raw nut skin is mildly bitter/laxative in quantity.",
        "source": "montreal",
        "mtl": "https://donnees.montreal.ca/dataset/arbres",
        "where": "Ruelles Vertes  Verdun",
        "planted": "2024"
      }
    },
    {
      "type": "Feature",
      "id": "mtl105912",
      "geometry": {
        "type": "Point",
        "coordinates": [
          -73.580973,
          45.448869
        ]
      },
      "properties": {
        "name": "Ginkgo",
        "species": "Ginkgo biloba 'Princeton Sentry'",
        "tier": "caution",
        "notes": "Only female trees fruit; the fallen flesh reeks and blisters skin (handle with gloves). The inner nut is edible COOKED and in small amounts only — raw/excess is toxic. Most street ginkgos are fruitless male cultivars.",
        "source": "montreal",
        "mtl": "https://donnees.montreal.ca/dataset/arbres",
        "where": "Wilson",
        "planted": "2025"
      }
    },
    {
      "type": "Feature",
      "id": "mtl106035",
      "geometry": {
        "type": "Point",
        "coordinates": [
          -73.570675,
          45.455141
        ]
      },
      "properties": {
        "name": "Hackberry",
        "species": "Celtis occidentalis",
        "tier": "snack",
        "notes": "Small orange-brown drupes in fall — thin sweet date-like flesh over a crunchable seed. Eat whole.",
        "source": "montreal",
        "mtl": "https://donnees.montreal.ca/dataset/arbres",
        "where": "Ruelles Vertes  Verdun",
        "planted": "2025"
      }
    },
    {
      "type": "Feature",
      "id": "mtl106085",
      "geometry": {
        "type": "Point",
        "coordinates": [
          -73.534521,
          45.466938
        ]
      },
      "properties": {
        "name": "Black locust",
        "species": "Robinia pseudoacacia",
        "tier": "caution",
        "notes": "The flowers are edible (fritters); everything else — bark, leaves, pods, seeds — is TOXIC. Take only the blossoms, and be sure it's not a look-alike.",
        "source": "montreal",
        "mtl": "https://donnees.montreal.ca/dataset/arbres",
        "where": "Du Cours-Du-Fleuve"
      }
    },
    {
      "type": "Feature",
      "id": "mtl261784",
      "geometry": {
        "type": "Point",
        "coordinates": [
          -73.554858,
          45.478592
        ]
      },
      "properties": {
        "name": "Honey locust",
        "species": "Gleditsia triacanthos 'Skyline'",
        "tier": "caution",
        "notes": "Sweet pulp inside the long twisted pods is edible — but do NOT confuse it with the TOXIC Kentucky coffeetree (thick flat pods) or black locust. Honey locust has fine branching thorns and tiny leaflets.",
        "source": "montreal",
        "mtl": "https://donnees.montreal.ca/dataset/arbres",
        "where": "Avenue Ash",
        "planted": "1999"
      }
    },
    {
      "type": "Feature",
      "id": "mtl261959",
      "geometry": {
        "type": "Point",
        "coordinates": [
          -73.590689,
          45.450909
        ]
      },
      "properties": {
        "name": "Serviceberry",
        "species": "Amelanchier canadensis",
        "tier": "snack",
        "notes": "Sweet blueberry-like pomes in late June — eat raw off the branch before the birds strip them.",
        "source": "montreal",
        "mtl": "https://donnees.montreal.ca/dataset/arbres",
        "where": "Avenue Clifford",
        "planted": "2006",
        "plant": "serviceberry"
      }
    },
    {
      "type": "Feature",
      "id": "mtl262177",
      "geometry": {
        "type": "Point",
        "coordinates": [
          -73.590021,
          45.452972
        ]
      },
      "properties": {
        "name": "Cherry / chokecherry",
        "species": "Prunus",
        "tier": "prep",
        "notes": "Chokecherry & black cherry — cook the ripe fruit for jelly/syrup; astringent raw and the pits are cyanogenic. Never eat the pits.",
        "source": "montreal",
        "mtl": "https://donnees.montreal.ca/dataset/arbres",
        "where": "Avenue Egan"
      }
    },
    {
      "type": "Feature",
      "id": "mtl262704",
      "geometry": {
        "type": "Point",
        "coordinates": [
          -73.583903,
          45.453371
        ]
      },
      "properties": {
        "name": "Hazelnut",
        "species": "Corylus colurna",
        "tier": "snack",
        "notes": "Filberts in late summer — crack and eat raw once the husks brown.",
        "source": "montreal",
        "mtl": "https://donnees.montreal.ca/dataset/arbres",
        "where": "Avenue Woodland",
        "planted": "2010"
      }
    },
    {
      "type": "Feature",
      "id": "mtl262810",
      "geometry": {
        "type": "Point",
        "coordinates": [
          -73.595913,
          45.469455
        ]
      },
      "properties": {
        "name": "Ginkgo",
        "species": "Ginkgo biloba",
        "tier": "caution",
        "notes": "Only female trees fruit; the fallen flesh reeks and blisters skin (handle with gloves). The inner nut is edible COOKED and in small amounts only — raw/excess is toxic. Most street ginkgos are fruitless male cultivars.",
        "source": "montreal",
        "mtl": "https://donnees.montreal.ca/dataset/arbres",
        "where": "Avenue de Carillon",
        "planted": "2020"
      }
    },
    {
      "type": "Feature",
      "id": "mtl262816",
      "geometry": {
        "type": "Point",
        "coordinates": [
          -73.582825,
          45.454655
        ]
      },
      "properties": {
        "name": "Crabapple / apple",
        "species": "Malus prunifolia 'Rinki'",
        "tier": "snack",
        "notes": "Street crabapples — taste one; most are tart but good, cook the sour ones into jelly. The city plants dozens of cultivars.",
        "source": "montreal",
        "mtl": "https://donnees.montreal.ca/dataset/arbres",
        "where": "Avenue Émard",
        "planted": "2022",
        "plant": "apple"
      }
    },
    {
      "type": "Feature",
      "id": "mtl262842",
      "geometry": {
        "type": "Point",
        "coordinates": [
          -73.589364,
          45.454954
        ]
      },
      "properties": {
        "name": "Crabapple / apple",
        "species": "Malus",
        "tier": "snack",
        "notes": "Street crabapples — taste one; most are tart but good, cook the sour ones into jelly. The city plants dozens of cultivars.",
        "source": "montreal",
        "mtl": "https://donnees.montreal.ca/dataset/arbres",
        "where": "Avenue Émard",
        "plant": "apple"
      }
    },
    {
      "type": "Feature",
      "id": "mtl262872",
      "geometry": {
        "type": "Point",
        "coordinates": [
          -73.585951,
          45.454638
        ]
      },
      "properties": {
        "name": "Hazelnut",
        "species": "Corylus colurna",
        "tier": "snack",
        "notes": "Filberts in late summer — crack and eat raw once the husks brown.",
        "source": "montreal",
        "mtl": "https://donnees.montreal.ca/dataset/arbres",
        "where": "Avenue Émard",
        "planted": "2020"
      }
    },
    {
      "type": "Feature",
      "id": "mtl262877",
      "geometry": {
        "type": "Point",
        "coordinates": [
          -73.586814,
          45.454668
        ]
      },
      "properties": {
        "name": "Black locust",
        "species": "Robinia pseudoacacia",
        "tier": "caution",
        "notes": "The flowers are edible (fritters); everything else — bark, leaves, pods, seeds — is TOXIC. Take only the blossoms, and be sure it's not a look-alike.",
        "source": "montreal",
        "mtl": "https://donnees.montreal.ca/dataset/arbres",
        "where": "Avenue Émard",
        "planted": "2009"
      }
    },
    {
      "type": "Feature",
      "id": "mtl262931",
      "geometry": {
        "type": "Point",
        "coordinates": [
          -73.58382,
          45.455333
        ]
      },
      "properties": {
        "name": "Linden",
        "species": "Tilia cordata",
        "tier": "snack",
        "notes": "Young heart-shaped leaves are a mild salad green in spring; the fragrant flowers make a calming tea.",
        "source": "montreal",
        "mtl": "https://donnees.montreal.ca/dataset/arbres",
        "where": "Boulevard Desmarchais",
        "plant": "linden"
      }
    },
    {
      "type": "Feature",
      "id": "mtl262973",
      "geometry": {
        "type": "Point",
        "coordinates": [
          -73.592853,
          45.455788
        ]
      },
      "properties": {
        "name": "Horse-chestnut",
        "species": "Aesculus hippocastanum",
        "tier": "avoid",
        "notes": "TOXIC — the shiny conkers are NOT the edible sweet chestnut (Castanea, which the city doesn't plant here). Do not eat.",
        "source": "montreal",
        "mtl": "https://donnees.montreal.ca/dataset/arbres",
        "where": "Boulevard Desmarchais"
      }
    },
    {
      "type": "Feature",
      "id": "mtl262977",
      "geometry": {
        "type": "Point",
        "coordinates": [
          -73.592749,
          45.455782
        ]
      },
      "properties": {
        "name": "Oak (acorns)",
        "species": "Quercus macrocarpa",
        "tier": "prep",
        "notes": "Gather sound acorns in fall; leach the ground meal in several changes of water to pull the tannins, then use as flour. White-oak group leaches easier.",
        "source": "montreal",
        "mtl": "https://donnees.montreal.ca/dataset/arbres",
        "where": "Boulevard Desmarchais",
        "planted": "2015"
      }
    },
    {
      "type": "Feature",
      "id": "mtl263032",
      "geometry": {
        "type": "Point",
        "coordinates": [
          -73.588287,
          45.455359
        ]
      },
      "properties": {
        "name": "Mulberry",
        "species": "Morus",
        "tier": "snack",
        "notes": "Ripe near-black berries eat raw; unripe/white ones can upset the stomach.",
        "source": "montreal",
        "mtl": "https://donnees.montreal.ca/dataset/arbres",
        "where": "Boulevard Desmarchais",
        "plant": "mulberry"
      }
    },
    {
      "type": "Feature",
      "id": "mtl263287",
      "geometry": {
        "type": "Point",
        "coordinates": [
          -73.591734,
          45.446864
        ]
      },
      "properties": {
        "name": "Ginkgo",
        "species": "Ginkgo biloba",
        "tier": "caution",
        "notes": "Only female trees fruit; the fallen flesh reeks and blisters skin (handle with gloves). The inner nut is edible COOKED and in small amounts only — raw/excess is toxic. Most street ginkgos are fruitless male cultivars.",
        "source": "montreal",
        "mtl": "https://donnees.montreal.ca/dataset/arbres",
        "where": "Boulevard Monk",
        "planted": "2023"
      }
    },
    {
      "type": "Feature",
      "id": "mtl263353",
      "geometry": {
        "type": "Point",
        "coordinates": [
          -73.594481,
          45.454651
        ]
      },
      "properties": {
        "name": "Kentucky coffeetree",
        "species": "Gymnocladus dioicus",
        "tier": "avoid",
        "notes": "TOXIC raw — the pulp and seeds in the thick flat pods contain cytisine. (Roasting was a historical workaround, but treat it as do-not-eat.) Learn it so you don't mistake it for honey locust.",
        "source": "montreal",
        "mtl": "https://donnees.montreal.ca/dataset/arbres",
        "where": "Boulevard Monk",
        "planted": "2015"
      }
    },
    {
      "type": "Feature",
      "id": "mtl263395",
      "geometry": {
        "type": "Point",
        "coordinates": [
          -73.592434,
          45.449218
        ]
      },
      "properties": {
        "name": "Kentucky coffeetree",
        "species": "Gymnocladus dioicus",
        "tier": "avoid",
        "notes": "TOXIC raw — the pulp and seeds in the thick flat pods contain cytisine. (Roasting was a historical workaround, but treat it as do-not-eat.) Learn it so you don't mistake it for honey locust.",
        "source": "montreal",
        "mtl": "https://donnees.montreal.ca/dataset/arbres",
        "where": "Boulevard Monk",
        "planted": "2015"
      }
    },
    {
      "type": "Feature",
      "id": "mtl263570",
      "geometry": {
        "type": "Point",
        "coordinates": [
          -73.593744,
          45.468187
        ]
      },
      "properties": {
        "name": "Hackberry",
        "species": "Celtis occidentalis",
        "tier": "snack",
        "notes": "Small orange-brown drupes in fall — thin sweet date-like flesh over a crunchable seed. Eat whole.",
        "source": "montreal",
        "mtl": "https://donnees.montreal.ca/dataset/arbres",
        "where": "Chemin de la Côte-Saint-Paul",
        "planted": "2006"
      }
    },
    {
      "type": "Feature",
      "id": "mtl263572",
      "geometry": {
        "type": "Point",
        "coordinates": [
          -73.59498,
          45.466093
        ]
      },
      "properties": {
        "name": "Honey locust",
        "species": "Gleditsia triacanthos 'Skyline'",
        "tier": "caution",
        "notes": "Sweet pulp inside the long twisted pods is edible — but do NOT confuse it with the TOXIC Kentucky coffeetree (thick flat pods) or black locust. Honey locust has fine branching thorns and tiny leaflets.",
        "source": "montreal",
        "mtl": "https://donnees.montreal.ca/dataset/arbres",
        "where": "Chemin de la Côte-Saint-Paul",
        "planted": "1994"
      }
    },
    {
      "type": "Feature",
      "id": "mtl263602",
      "geometry": {
        "type": "Point",
        "coordinates": [
          -73.593381,
          45.468848
        ]
      },
      "properties": {
        "name": "Hackberry",
        "species": "Celtis occidentalis",
        "tier": "snack",
        "notes": "Small orange-brown drupes in fall — thin sweet date-like flesh over a crunchable seed. Eat whole.",
        "source": "montreal",
        "mtl": "https://donnees.montreal.ca/dataset/arbres",
        "where": "Chemin de la Côte-Saint-Paul",
        "planted": "1999"
      }
    },
    {
      "type": "Feature",
      "id": "mtl263636",
      "geometry": {
        "type": "Point",
        "coordinates": [
          -73.574691,
          45.476255
        ]
      },
      "properties": {
        "name": "Horse-chestnut",
        "species": "Aesculus glabra",
        "tier": "avoid",
        "notes": "TOXIC — the shiny conkers are NOT the edible sweet chestnut (Castanea, which the city doesn't plant here). Do not eat.",
        "source": "montreal",
        "mtl": "https://donnees.montreal.ca/dataset/arbres",
        "where": "Petite avenue Atwater",
        "planted": "2005"
      }
    },
    {
      "type": "Feature",
      "id": "mtl263841",
      "geometry": {
        "type": "Point",
        "coordinates": [
          -73.591228,
          45.451596
        ]
      },
      "properties": {
        "name": "Ginkgo",
        "species": "Ginkgo biloba 'Autumn Gold'",
        "tier": "caution",
        "notes": "Only female trees fruit; the fallen flesh reeks and blisters skin (handle with gloves). The inner nut is edible COOKED and in small amounts only — raw/excess is toxic. Most street ginkgos are fruitless male cultivars.",
        "source": "montreal",
        "mtl": "https://donnees.montreal.ca/dataset/arbres",
        "where": "Rue Allard",
        "planted": "2018"
      }
    },
    {
      "type": "Feature",
      "id": "mtl263977",
      "geometry": {
        "type": "Point",
        "coordinates": [
          -73.584645,
          45.464261
        ]
      },
      "properties": {
        "name": "Hazelnut",
        "species": "Corylus colurna",
        "tier": "snack",
        "notes": "Filberts in late summer — crack and eat raw once the husks brown.",
        "source": "montreal",
        "mtl": "https://donnees.montreal.ca/dataset/arbres",
        "where": "Rue Angers",
        "planted": "2016"
      }
    },
    {
      "type": "Feature",
      "id": "mtl264029",
      "geometry": {
        "type": "Point",
        "coordinates": [
          -73.5855,
          45.454834
        ]
      },
      "properties": {
        "name": "Horse-chestnut",
        "species": "Aesculus x hybrida",
        "tier": "avoid",
        "notes": "TOXIC — the shiny conkers are NOT the edible sweet chestnut (Castanea, which the city doesn't plant here). Do not eat.",
        "source": "montreal",
        "mtl": "https://donnees.montreal.ca/dataset/arbres",
        "where": "Rue Angers",
        "planted": "2022"
      }
    },
    {
      "type": "Feature",
      "id": "mtl264043",
      "geometry": {
        "type": "Point",
        "coordinates": [
          -73.584251,
          45.46711
        ]
      },
      "properties": {
        "name": "Honey locust",
        "species": "Gleditsia triacanthos var. inermis",
        "tier": "caution",
        "notes": "Sweet pulp inside the long twisted pods is edible — but do NOT confuse it with the TOXIC Kentucky coffeetree (thick flat pods) or black locust. Honey locust has fine branching thorns and tiny leaflets.",
        "source": "montreal",
        "mtl": "https://donnees.montreal.ca/dataset/arbres",
        "where": "Rue Angers"
      }
    },
    {
      "type": "Feature",
      "id": "mtl264054",
      "geometry": {
        "type": "Point",
        "coordinates": [
          -73.584568,
          45.462982
        ]
      },
      "properties": {
        "name": "Kentucky coffeetree",
        "species": "Gymnocladus dioicus",
        "tier": "avoid",
        "notes": "TOXIC raw — the pulp and seeds in the thick flat pods contain cytisine. (Roasting was a historical workaround, but treat it as do-not-eat.) Learn it so you don't mistake it for honey locust.",
        "source": "montreal",
        "mtl": "https://donnees.montreal.ca/dataset/arbres",
        "where": "Rue Angers",
        "planted": "2020"
      }
    },
    {
      "type": "Feature",
      "id": "mtl264086",
      "geometry": {
        "type": "Point",
        "coordinates": [
          -73.585001,
          45.457507
        ]
      },
      "properties": {
        "name": "Sugar maple",
        "species": "Acer saccharum",
        "tier": "prep",
        "notes": "Tap in the Feb–Mar freeze/thaw and boil the sap to syrup — ~40:1. Needs a spile, bucket, and a lot of firewood.",
        "source": "montreal",
        "mtl": "https://donnees.montreal.ca/dataset/arbres",
        "where": "Rue Angers",
        "planted": "1999"
      }
    },
    {
      "type": "Feature",
      "id": "mtl264268",
      "geometry": {
        "type": "Point",
        "coordinates": [
          -73.587602,
          45.475188
        ]
      },
      "properties": {
        "name": "Linden",
        "species": "Tilia cordata",
        "tier": "snack",
        "notes": "Young heart-shaped leaves are a mild salad green in spring; the fragrant flowers make a calming tea.",
        "source": "montreal",
        "mtl": "https://donnees.montreal.ca/dataset/arbres",
        "where": "Rue Beaudoin",
        "plant": "linden"
      }
    },
    {
      "type": "Feature",
      "id": "mtl264315",
      "geometry": {
        "type": "Point",
        "coordinates": [
          -73.596782,
          45.457685
        ]
      },
      "properties": {
        "name": "Linden",
        "species": "Tilia x europaea 'Wratislaviensis'",
        "tier": "snack",
        "notes": "Young heart-shaped leaves are a mild salad green in spring; the fragrant flowers make a calming tea.",
        "source": "montreal",
        "mtl": "https://donnees.montreal.ca/dataset/arbres",
        "where": "Rue Beaulieu",
        "planted": "2024",
        "plant": "linden"
      }
    },
    {
      "type": "Feature",
      "id": "mtl264354",
      "geometry": {
        "type": "Point",
        "coordinates": [
          -73.594934,
          45.452759
        ]
      },
      "properties": {
        "name": "Birch",
        "species": "Betula nigra 'Heritage'",
        "tier": "prep",
        "notes": "Tap the sap in early spring (boil down for birch syrup) and the aromatic inner bark/twigs for tea. A sap, not a snack.",
        "source": "montreal",
        "mtl": "https://donnees.montreal.ca/dataset/arbres",
        "where": "Rue Beaulieu",
        "planted": "2023"
      }
    },
    {
      "type": "Feature",
      "id": "mtl264525",
      "geometry": {
        "type": "Point",
        "coordinates": [
          -73.592739,
          45.447334
        ]
      },
      "properties": {
        "name": "Birch",
        "species": "Betula nigra",
        "tier": "prep",
        "notes": "Tap the sap in early spring (boil down for birch syrup) and the aromatic inner bark/twigs for tea. A sap, not a snack.",
        "source": "montreal",
        "mtl": "https://donnees.montreal.ca/dataset/arbres",
        "where": "Rue Beaulieu",
        "planted": "2023"
      }
    },
    {
      "type": "Feature",
      "id": "mtl264548",
      "geometry": {
        "type": "Point",
        "coordinates": [
          -73.598392,
          45.46238
        ]
      },
      "properties": {
        "name": "Oak (acorns)",
        "species": "Quercus rubra",
        "tier": "prep",
        "notes": "Gather sound acorns in fall; leach the ground meal in several changes of water to pull the tannins, then use as flour. White-oak group leaches easier.",
        "source": "montreal",
        "mtl": "https://donnees.montreal.ca/dataset/arbres",
        "where": "Rue Beaulieu",
        "planted": "2016"
      }
    },
    {
      "type": "Feature",
      "id": "mtl264612",
      "geometry": {
        "type": "Point",
        "coordinates": [
          -73.552164,
          45.479951
        ]
      },
      "properties": {
        "name": "Black locust",
        "species": "Robinia pseudoacacia",
        "tier": "caution",
        "notes": "The flowers are edible (fritters); everything else — bark, leaves, pods, seeds — is TOXIC. Take only the blossoms, and be sure it's not a look-alike.",
        "source": "montreal",
        "mtl": "https://donnees.montreal.ca/dataset/arbres",
        "where": "Rue Bourgeoys",
        "planted": "2019"
      }
    },
    {
      "type": "Feature",
      "id": "mtl264770",
      "geometry": {
        "type": "Point",
        "coordinates": [
          -73.578802,
          45.478087
        ]
      },
      "properties": {
        "name": "Hackberry",
        "species": "Celtis occidentalis",
        "tier": "snack",
        "notes": "Small orange-brown drupes in fall — thin sweet date-like flesh over a crunchable seed. Eat whole.",
        "source": "montreal",
        "mtl": "https://donnees.montreal.ca/dataset/arbres",
        "where": "Rue Bourget",
        "planted": "2007"
      }
    },
    {
      "type": "Feature",
      "id": "mtl264776",
      "geometry": {
        "type": "Point",
        "coordinates": [
          -73.580073,
          45.478706
        ]
      },
      "properties": {
        "name": "Pear",
        "species": "Pyrus calleryana 'Glen's Form (Chantecleer)",
        "tier": "snack",
        "notes": "Most street pears are ornamental Callery — tiny hard fruit, only edible frost-softened. The odd 'Bartlett' is a real pear.",
        "source": "montreal",
        "mtl": "https://donnees.montreal.ca/dataset/arbres",
        "where": "Rue Bourget",
        "planted": "2019"
      }
    },
    {
      "type": "Feature",
      "id": "mtl264870",
      "geometry": {
        "type": "Point",
        "coordinates": [
          -73.591385,
          45.448597
        ]
      },
      "properties": {
        "name": "Crabapple / apple",
        "species": "Malus x adstringens 'Durleo' (Gladiator TM)",
        "tier": "snack",
        "notes": "Street crabapples — taste one; most are tart but good, cook the sour ones into jelly. The city plants dozens of cultivars.",
        "source": "montreal",
        "mtl": "https://donnees.montreal.ca/dataset/arbres",
        "where": "Rue Briand",
        "planted": "2025",
        "plant": "apple"
      }
    },
    {
      "type": "Feature",
      "id": "mtl265136",
      "geometry": {
        "type": "Point",
        "coordinates": [
          -73.585713,
          45.461108
        ]
      },
      "properties": {
        "name": "Honey locust",
        "species": "Gleditsia triacanthos 'Skyline'",
        "tier": "caution",
        "notes": "Sweet pulp inside the long twisted pods is edible — but do NOT confuse it with the TOXIC Kentucky coffeetree (thick flat pods) or black locust. Honey locust has fine branching thorns and tiny leaflets.",
        "source": "montreal",
        "mtl": "https://donnees.montreal.ca/dataset/arbres",
        "where": "Rue Brisset",
        "planted": "1996"
      }
    },
    {
      "type": "Feature",
      "id": "mtl265170",
      "geometry": {
        "type": "Point",
        "coordinates": [
          -73.564207,
          45.473458
        ]
      },
      "properties": {
        "name": "Horse-chestnut",
        "species": "Aesculus glabra",
        "tier": "avoid",
        "notes": "TOXIC — the shiny conkers are NOT the edible sweet chestnut (Castanea, which the city doesn't plant here). Do not eat.",
        "source": "montreal",
        "mtl": "https://donnees.montreal.ca/dataset/arbres",
        "where": "Rue Butler",
        "planted": "2005"
      }
    },
    {
      "type": "Feature",
      "id": "mtl265242",
      "geometry": {
        "type": "Point",
        "coordinates": [
          -73.591344,
          45.465603
        ]
      },
      "properties": {
        "name": "Kentucky coffeetree",
        "species": "Gymnocladus dioicus",
        "tier": "avoid",
        "notes": "TOXIC raw — the pulp and seeds in the thick flat pods contain cytisine. (Roasting was a historical workaround, but treat it as do-not-eat.) Learn it so you don't mistake it for honey locust.",
        "source": "montreal",
        "mtl": "https://donnees.montreal.ca/dataset/arbres",
        "where": "Rue Cabot",
        "planted": "2020"
      }
    },
    {
      "type": "Feature",
      "id": "mtl265305",
      "geometry": {
        "type": "Point",
        "coordinates": [
          -73.592903,
          45.460248
        ]
      },
      "properties": {
        "name": "Cherry / chokecherry",
        "species": "Prunus virginiana 'Schubert'",
        "tier": "prep",
        "notes": "Chokecherry & black cherry — cook the ripe fruit for jelly/syrup; astringent raw and the pits are cyanogenic. Never eat the pits.",
        "source": "montreal",
        "mtl": "https://donnees.montreal.ca/dataset/arbres",
        "where": "Rue Cardinal",
        "planted": "2006"
      }
    },
    {
      "type": "Feature",
      "id": "mtl265338",
      "geometry": {
        "type": "Point",
        "coordinates": [
          -73.591777,
          45.460097
        ]
      },
      "properties": {
        "name": "Kentucky coffeetree",
        "species": "Gymnocladus dioicus",
        "tier": "avoid",
        "notes": "TOXIC raw — the pulp and seeds in the thick flat pods contain cytisine. (Roasting was a historical workaround, but treat it as do-not-eat.) Learn it so you don't mistake it for honey locust.",
        "source": "montreal",
        "mtl": "https://donnees.montreal.ca/dataset/arbres",
        "where": "Rue Cardinal",
        "planted": "2023"
      }
    },
    {
      "type": "Feature",
      "id": "mtl265340",
      "geometry": {
        "type": "Point",
        "coordinates": [
          -73.591974,
          45.460106
        ]
      },
      "properties": {
        "name": "Pear",
        "species": "Pyrus calleryana 'Glen's Form (Chantecleer)",
        "tier": "snack",
        "notes": "Most street pears are ornamental Callery — tiny hard fruit, only edible frost-softened. The odd 'Bartlett' is a real pear.",
        "source": "montreal",
        "mtl": "https://donnees.montreal.ca/dataset/arbres",
        "where": "Rue Cardinal",
        "planted": "2023"
      }
    },
    {
      "type": "Feature",
      "id": "mtl265358",
      "geometry": {
        "type": "Point",
        "coordinates": [
          -73.58844,
          45.459945
        ]
      },
      "properties": {
        "name": "Ginkgo",
        "species": "Ginkgo biloba 'Autumn Gold'",
        "tier": "caution",
        "notes": "Only female trees fruit; the fallen flesh reeks and blisters skin (handle with gloves). The inner nut is edible COOKED and in small amounts only — raw/excess is toxic. Most street ginkgos are fruitless male cultivars.",
        "source": "montreal",
        "mtl": "https://donnees.montreal.ca/dataset/arbres",
        "where": "Rue Cardinal",
        "planted": "2017"
      }
    },
    {
      "type": "Feature",
      "id": "mtl265634",
      "geometry": {
        "type": "Point",
        "coordinates": [
          -73.563309,
          45.475189
        ]
      },
      "properties": {
        "name": "Ginkgo",
        "species": "Ginkgo biloba 'Autumn Gold'",
        "tier": "caution",
        "notes": "Only female trees fruit; the fallen flesh reeks and blisters skin (handle with gloves). The inner nut is edible COOKED and in small amounts only — raw/excess is toxic. Most street ginkgos are fruitless male cultivars.",
        "source": "montreal",
        "mtl": "https://donnees.montreal.ca/dataset/arbres",
        "where": "Rue Charlevoix",
        "planted": "2021"
      }
    },
    {
      "type": "Feature",
      "id": "mtl265700",
      "geometry": {
        "type": "Point",
        "coordinates": [
          -73.561891,
          45.474252
        ]
      },
      "properties": {
        "name": "Kentucky coffeetree",
        "species": "Gymnocladus dioicus",
        "tier": "avoid",
        "notes": "TOXIC raw — the pulp and seeds in the thick flat pods contain cytisine. (Roasting was a historical workaround, but treat it as do-not-eat.) Learn it so you don't mistake it for honey locust.",
        "source": "montreal",
        "mtl": "https://donnees.montreal.ca/dataset/arbres",
        "where": "Rue Charlevoix",
        "planted": "2021"
      }
    },
    {
      "type": "Feature",
      "id": "mtl265706",
      "geometry": {
        "type": "Point",
        "coordinates": [
          -73.562887,
          45.474808
        ]
      },
      "properties": {
        "name": "Crabapple / apple",
        "species": "Malus x 'Prairifire'",
        "tier": "snack",
        "notes": "Street crabapples — taste one; most are tart but good, cook the sour ones into jelly. The city plants dozens of cultivars.",
        "source": "montreal",
        "mtl": "https://donnees.montreal.ca/dataset/arbres",
        "where": "Rue Charlevoix",
        "planted": "2021",
        "plant": "apple"
      }
    },
    {
      "type": "Feature",
      "id": "mtl265766",
      "geometry": {
        "type": "Point",
        "coordinates": [
          -73.556637,
          45.479277
        ]
      },
      "properties": {
        "name": "Oak (acorns)",
        "species": "Quercus robur 'Crimson Spire'",
        "tier": "prep",
        "notes": "Gather sound acorns in fall; leach the ground meal in several changes of water to pull the tannins, then use as flour. White-oak group leaches easier.",
        "source": "montreal",
        "mtl": "https://donnees.montreal.ca/dataset/arbres",
        "where": "Rue Charon",
        "planted": "2021"
      }
    },
    {
      "type": "Feature",
      "id": "mtl265793",
      "geometry": {
        "type": "Point",
        "coordinates": [
          -73.550366,
          45.479246
        ]
      },
      "properties": {
        "name": "Black locust",
        "species": "Robinia pseudoacacia",
        "tier": "caution",
        "notes": "The flowers are edible (fritters); everything else — bark, leaves, pods, seeds — is TOXIC. Take only the blossoms, and be sure it's not a look-alike.",
        "source": "montreal",
        "mtl": "https://donnees.montreal.ca/dataset/arbres",
        "where": "Rue Charon"
      }
    },
    {
      "type": "Feature",
      "id": "mtl265814",
      "geometry": {
        "type": "Point",
        "coordinates": [
          -73.557078,
          45.479166
        ]
      },
      "properties": {
        "name": "Rowan",
        "species": "Sorbus aucuparia 'Rossica'",
        "tier": "prep",
        "notes": "Cook the orange berries into a tart jelly after frost — raw they're astringent and mildly upsetting.",
        "source": "montreal",
        "mtl": "https://donnees.montreal.ca/dataset/arbres",
        "where": "Rue Charon",
        "planted": "2018"
      }
    },
    {
      "type": "Feature",
      "id": "mtl266035",
      "geometry": {
        "type": "Point",
        "coordinates": [
          -73.586204,
          45.451957
        ]
      },
      "properties": {
        "name": "Serviceberry",
        "species": "Amelanchier canadensis",
        "tier": "snack",
        "notes": "Sweet blueberry-like pomes in late June — eat raw off the branch before the birds strip them.",
        "source": "montreal",
        "mtl": "https://donnees.montreal.ca/dataset/arbres",
        "where": "Rue D'Arcy-McGee",
        "planted": "2006",
        "plant": "serviceberry"
      }
    },
    {
      "type": "Feature",
      "id": "mtl266206",
      "geometry": {
        "type": "Point",
        "coordinates": [
          -73.594198,
          45.459066
        ]
      },
      "properties": {
        "name": "Kentucky coffeetree",
        "species": "Gymnocladus dioicus",
        "tier": "avoid",
        "notes": "TOXIC raw — the pulp and seeds in the thick flat pods contain cytisine. (Roasting was a historical workaround, but treat it as do-not-eat.) Learn it so you don't mistake it for honey locust.",
        "source": "montreal",
        "mtl": "https://donnees.montreal.ca/dataset/arbres",
        "where": "Rue De Biencourt",
        "planted": "2022"
      }
    },
    {
      "type": "Feature",
      "id": "mtl266240",
      "geometry": {
        "type": "Point",
        "coordinates": [
          -73.5865,
          45.458471
        ]
      },
      "properties": {
        "name": "Birch",
        "species": "Betula nigra 'Heritage'",
        "tier": "prep",
        "notes": "Tap the sap in early spring (boil down for birch syrup) and the aromatic inner bark/twigs for tea. A sap, not a snack.",
        "source": "montreal",
        "mtl": "https://donnees.montreal.ca/dataset/arbres",
        "where": "Rue De Biencourt",
        "planted": "2021"
      }
    },
    {
      "type": "Feature",
      "id": "mtl266270",
      "geometry": {
        "type": "Point",
        "coordinates": [
          -73.592584,
          45.45889
        ]
      },
      "properties": {
        "name": "Honey locust",
        "species": "Gleditsia triacanthos 'Skyline'",
        "tier": "caution",
        "notes": "Sweet pulp inside the long twisted pods is edible — but do NOT confuse it with the TOXIC Kentucky coffeetree (thick flat pods) or black locust. Honey locust has fine branching thorns and tiny leaflets.",
        "source": "montreal",
        "mtl": "https://donnees.montreal.ca/dataset/arbres",
        "where": "Rue De Biencourt",
        "planted": "2014"
      }
    },
    {
      "type": "Feature",
      "id": "mtl266282",
      "geometry": {
        "type": "Point",
        "coordinates": [
          -73.595951,
          45.458753
        ]
      },
      "properties": {
        "name": "Hazelnut",
        "species": "Corylus colurna",
        "tier": "snack",
        "notes": "Filberts in late summer — crack and eat raw once the husks brown.",
        "source": "montreal",
        "mtl": "https://donnees.montreal.ca/dataset/arbres",
        "where": "Rue De Biencourt",
        "planted": "2022"
      }
    },
    {
      "type": "Feature",
      "id": "mtl266397",
      "geometry": {
        "type": "Point",
        "coordinates": [
          -73.587593,
          45.472267
        ]
      },
      "properties": {
        "name": "Horse-chestnut",
        "species": "Aesculus octandra",
        "tier": "avoid",
        "notes": "TOXIC — the shiny conkers are NOT the edible sweet chestnut (Castanea, which the city doesn't plant here). Do not eat.",
        "source": "montreal",
        "mtl": "https://donnees.montreal.ca/dataset/arbres",
        "where": "Rue De Courcelle",
        "planted": "2022"
      }
    },
    {
      "type": "Feature",
      "id": "mtl266443",
      "geometry": {
        "type": "Point",
        "coordinates": [
          -73.589845,
          45.473174
        ]
      },
      "properties": {
        "name": "Crabapple / apple",
        "species": "Malus x 'Harvest Gold'¿",
        "tier": "snack",
        "notes": "Street crabapples — taste one; most are tart but good, cook the sour ones into jelly. The city plants dozens of cultivars.",
        "source": "montreal",
        "mtl": "https://donnees.montreal.ca/dataset/arbres",
        "where": "Rue De Courcelle",
        "planted": "2021",
        "plant": "apple"
      }
    },
    {
      "type": "Feature",
      "id": "mtl266578",
      "geometry": {
        "type": "Point",
        "coordinates": [
          -73.584846,
          45.455838
        ]
      },
      "properties": {
        "name": "Sugar maple",
        "species": "Acer saccharum",
        "tier": "prep",
        "notes": "Tap in the Feb–Mar freeze/thaw and boil the sap to syrup — ~40:1. Needs a spile, bucket, and a lot of firewood.",
        "source": "montreal",
        "mtl": "https://donnees.montreal.ca/dataset/arbres",
        "where": "Rue De Sève",
        "planted": "1999"
      }
    },
    {
      "type": "Feature",
      "id": "mtl266602",
      "geometry": {
        "type": "Point",
        "coordinates": [
          -73.588628,
          45.461297
        ]
      },
      "properties": {
        "name": "Pear",
        "species": "Pyrus calleryana 'Redspire'",
        "tier": "snack",
        "notes": "Most street pears are ornamental Callery — tiny hard fruit, only edible frost-softened. The odd 'Bartlett' is a real pear.",
        "source": "montreal",
        "mtl": "https://donnees.montreal.ca/dataset/arbres",
        "where": "Rue De Villiers",
        "planted": "2026"
      }
    },
    {
      "type": "Feature",
      "id": "mtl266922",
      "geometry": {
        "type": "Point",
        "coordinates": [
          -73.593652,
          45.473865
        ]
      },
      "properties": {
        "name": "Rowan",
        "species": "Sorbus aucuparia 'Rossica'",
        "tier": "prep",
        "notes": "Cook the orange berries into a tart jelly after frost — raw they're astringent and mildly upsetting.",
        "source": "montreal",
        "mtl": "https://donnees.montreal.ca/dataset/arbres",
        "where": "Rue Desnoyers",
        "planted": "2010"
      }
    },
    {
      "type": "Feature",
      "id": "mtl266923",
      "geometry": {
        "type": "Point",
        "coordinates": [
          -73.593556,
          45.47382
        ]
      },
      "properties": {
        "name": "Linden",
        "species": "Tilia cordata",
        "tier": "snack",
        "notes": "Young heart-shaped leaves are a mild salad green in spring; the fragrant flowers make a calming tea.",
        "source": "montreal",
        "mtl": "https://donnees.montreal.ca/dataset/arbres",
        "where": "Rue Desnoyers",
        "plant": "linden"
      }
    },
    {
      "type": "Feature",
      "id": "mtl267001",
      "geometry": {
        "type": "Point",
        "coordinates": [
          -73.581978,
          45.461002
        ]
      },
      "properties": {
        "name": "Ginkgo",
        "species": "Ginkgo biloba",
        "tier": "caution",
        "notes": "Only female trees fruit; the fallen flesh reeks and blisters skin (handle with gloves). The inner nut is edible COOKED and in small amounts only — raw/excess is toxic. Most street ginkgos are fruitless male cultivars.",
        "source": "montreal",
        "mtl": "https://donnees.montreal.ca/dataset/arbres",
        "where": "Rue Drake",
        "planted": "2018"
      }
    },
    {
      "type": "Feature",
      "id": "mtl267270",
      "geometry": {
        "type": "Point",
        "coordinates": [
          -73.599876,
          45.457052
        ]
      },
      "properties": {
        "name": "Pear",
        "species": "Pyrus ussuriensis",
        "tier": "snack",
        "notes": "Most street pears are ornamental Callery — tiny hard fruit, only edible frost-softened. The odd 'Bartlett' is a real pear.",
        "source": "montreal",
        "mtl": "https://donnees.montreal.ca/dataset/arbres",
        "where": "Rue Dumas",
        "planted": "2025"
      }
    },
    {
      "type": "Feature",
      "id": "mtl267310",
      "geometry": {
        "type": "Point",
        "coordinates": [
          -73.598281,
          45.452584
        ]
      },
      "properties": {
        "name": "Kentucky coffeetree",
        "species": "Gymnocladus dioicus",
        "tier": "avoid",
        "notes": "TOXIC raw — the pulp and seeds in the thick flat pods contain cytisine. (Roasting was a historical workaround, but treat it as do-not-eat.) Learn it so you don't mistake it for honey locust.",
        "source": "montreal",
        "mtl": "https://donnees.montreal.ca/dataset/arbres",
        "where": "Rue Dumas",
        "planted": "2025"
      }
    },
    {
      "type": "Feature",
      "id": "mtl267328",
      "geometry": {
        "type": "Point",
        "coordinates": [
          -73.597558,
          45.450575
        ]
      },
      "properties": {
        "name": "Birch",
        "species": "Betula nigra",
        "tier": "prep",
        "notes": "Tap the sap in early spring (boil down for birch syrup) and the aromatic inner bark/twigs for tea. A sap, not a snack.",
        "source": "montreal",
        "mtl": "https://donnees.montreal.ca/dataset/arbres",
        "where": "Rue Dumas",
        "planted": "2021"
      }
    },
    {
      "type": "Feature",
      "id": "mtl267419",
      "geometry": {
        "type": "Point",
        "coordinates": [
          -73.589999,
          45.464027
        ]
      },
      "properties": {
        "name": "Ginkgo",
        "species": "Ginkgo biloba 'Princeton Sentry'",
        "tier": "caution",
        "notes": "Only female trees fruit; the fallen flesh reeks and blisters skin (handle with gloves). The inner nut is edible COOKED and in small amounts only — raw/excess is toxic. Most street ginkgos are fruitless male cultivars.",
        "source": "montreal",
        "mtl": "https://donnees.montreal.ca/dataset/arbres",
        "where": "Rue Eadie",
        "planted": "2017"
      }
    },
    {
      "type": "Feature",
      "id": "mtl267471",
      "geometry": {
        "type": "Point",
        "coordinates": [
          -73.590008,
          45.462394
        ]
      },
      "properties": {
        "name": "Honey locust",
        "species": "Gleditsia triacanthos 'Skyline'",
        "tier": "caution",
        "notes": "Sweet pulp inside the long twisted pods is edible — but do NOT confuse it with the TOXIC Kentucky coffeetree (thick flat pods) or black locust. Honey locust has fine branching thorns and tiny leaflets.",
        "source": "montreal",
        "mtl": "https://donnees.montreal.ca/dataset/arbres",
        "where": "Rue Eadie",
        "planted": "2022"
      }
    },
    {
      "type": "Feature",
      "id": "mtl267506",
      "geometry": {
        "type": "Point",
        "coordinates": [
          -73.590478,
          45.457482
        ]
      },
      "properties": {
        "name": "Hazelnut",
        "species": "Corylus colurna",
        "tier": "snack",
        "notes": "Filberts in late summer — crack and eat raw once the husks brown.",
        "source": "montreal",
        "mtl": "https://donnees.montreal.ca/dataset/arbres",
        "where": "Rue Eadie",
        "planted": "2019"
      }
    },
    {
      "type": "Feature",
      "id": "mtl267650",
      "geometry": {
        "type": "Point",
        "coordinates": [
          -73.583959,
          45.462698
        ]
      },
      "properties": {
        "name": "Honey locust",
        "species": "Gleditsia triacanthos 'Imperial'",
        "tier": "caution",
        "notes": "Sweet pulp inside the long twisted pods is edible — but do NOT confuse it with the TOXIC Kentucky coffeetree (thick flat pods) or black locust. Honey locust has fine branching thorns and tiny leaflets.",
        "source": "montreal",
        "mtl": "https://donnees.montreal.ca/dataset/arbres",
        "where": "Rue Galt",
        "planted": "2020"
      }
    },
    {
      "type": "Feature",
      "id": "mtl267684",
      "geometry": {
        "type": "Point",
        "coordinates": [
          -73.590856,
          45.463005
        ]
      },
      "properties": {
        "name": "Oak (acorns)",
        "species": "Quercus rubra",
        "tier": "prep",
        "notes": "Gather sound acorns in fall; leach the ground meal in several changes of water to pull the tannins, then use as flour. White-oak group leaches easier.",
        "source": "montreal",
        "mtl": "https://donnees.montreal.ca/dataset/arbres",
        "where": "Rue Galt",
        "planted": "2014"
      }
    },
    {
      "type": "Feature",
      "id": "mtl267690",
      "geometry": {
        "type": "Point",
        "coordinates": [
          -73.591698,
          45.463045
        ]
      },
      "properties": {
        "name": "Pear",
        "species": "Pyrus ussuriensis 'Prairie Gem'",
        "tier": "snack",
        "notes": "Most street pears are ornamental Callery — tiny hard fruit, only edible frost-softened. The odd 'Bartlett' is a real pear.",
        "source": "montreal",
        "mtl": "https://donnees.montreal.ca/dataset/arbres",
        "where": "Rue Galt",
        "planted": "2021"
      }
    },
    {
      "type": "Feature",
      "id": "mtl267699",
      "geometry": {
        "type": "Point",
        "coordinates": [
          -73.582225,
          45.462511
        ]
      },
      "properties": {
        "name": "Linden",
        "species": "Tilia x mongolica 'Harvest Gold'",
        "tier": "snack",
        "notes": "Young heart-shaped leaves are a mild salad green in spring; the fragrant flowers make a calming tea.",
        "source": "montreal",
        "mtl": "https://donnees.montreal.ca/dataset/arbres",
        "where": "Rue Galt",
        "planted": "2020",
        "plant": "linden"
      }
    },
    {
      "type": "Feature",
      "id": "mtl267706",
      "geometry": {
        "type": "Point",
        "coordinates": [
          -73.583319,
          45.462562
        ]
      },
      "properties": {
        "name": "Black maple",
        "species": "Acer nigrum",
        "tier": "prep",
        "notes": "Sugar-maple's twin — tap and boil the sap to syrup exactly the same way.",
        "source": "montreal",
        "mtl": "https://donnees.montreal.ca/dataset/arbres",
        "where": "Rue Galt"
      }
    },
    {
      "type": "Feature",
      "id": "mtl267720",
      "geometry": {
        "type": "Point",
        "coordinates": [
          -73.585648,
          45.462659
        ]
      },
      "properties": {
        "name": "Pear",
        "species": "Pyrus calleryana 'Glen's Form (Chantecleer)",
        "tier": "snack",
        "notes": "Most street pears are ornamental Callery — tiny hard fruit, only edible frost-softened. The odd 'Bartlett' is a real pear.",
        "source": "montreal",
        "mtl": "https://donnees.montreal.ca/dataset/arbres",
        "where": "Rue Galt",
        "planted": "2024"
      }
    },
    {
      "type": "Feature",
      "id": "mtl267724",
      "geometry": {
        "type": "Point",
        "coordinates": [
          -73.586234,
          45.462689
        ]
      },
      "properties": {
        "name": "Birch",
        "species": "Betula nigra",
        "tier": "prep",
        "notes": "Tap the sap in early spring (boil down for birch syrup) and the aromatic inner bark/twigs for tea. A sap, not a snack.",
        "source": "montreal",
        "mtl": "https://donnees.montreal.ca/dataset/arbres",
        "where": "Rue Galt",
        "planted": "2020"
      }
    },
    {
      "type": "Feature",
      "id": "mtl267783",
      "geometry": {
        "type": "Point",
        "coordinates": [
          -73.593067,
          45.462645
        ]
      },
      "properties": {
        "name": "Linden",
        "species": "Tilia x mongolica 'Harvest Gold'",
        "tier": "snack",
        "notes": "Young heart-shaped leaves are a mild salad green in spring; the fragrant flowers make a calming tea.",
        "source": "montreal",
        "mtl": "https://donnees.montreal.ca/dataset/arbres",
        "where": "Rue Galt-Crescent Ouest",
        "planted": "2025",
        "plant": "linden"
      }
    },
    {
      "type": "Feature",
      "id": "mtl267952",
      "geometry": {
        "type": "Point",
        "coordinates": [
          -73.592364,
          45.453717
        ]
      },
      "properties": {
        "name": "Rowan",
        "species": "Sorbus aucuparia",
        "tier": "prep",
        "notes": "Cook the orange berries into a tart jelly after frost — raw they're astringent and mildly upsetting.",
        "source": "montreal",
        "mtl": "https://donnees.montreal.ca/dataset/arbres",
        "where": "Rue Hadley",
        "planted": "2013"
      }
    },
    {
      "type": "Feature",
      "id": "mtl268014",
      "geometry": {
        "type": "Point",
        "coordinates": [
          -73.590287,
          45.448841
        ]
      },
      "properties": {
        "name": "Cherry / chokecherry",
        "species": "Prunus serotina",
        "tier": "prep",
        "notes": "Chokecherry & black cherry — cook the ripe fruit for jelly/syrup; astringent raw and the pits are cyanogenic. Never eat the pits.",
        "source": "montreal",
        "mtl": "https://donnees.montreal.ca/dataset/arbres",
        "where": "Rue Hadley",
        "planted": "2017"
      }
    },
    {
      "type": "Feature",
      "id": "mtl268035",
      "geometry": {
        "type": "Point",
        "coordinates": [
          -73.558313,
          45.477118
        ]
      },
      "properties": {
        "name": "Birch",
        "species": "Betula nigra 'Heritage'",
        "tier": "prep",
        "notes": "Tap the sap in early spring (boil down for birch syrup) and the aromatic inner bark/twigs for tea. A sap, not a snack.",
        "source": "montreal",
        "mtl": "https://donnees.montreal.ca/dataset/arbres",
        "where": "Rue Hall",
        "planted": "2025"
      }
    },
    {
      "type": "Feature",
      "id": "mtl268124",
      "geometry": {
        "type": "Point",
        "coordinates": [
          -73.595197,
          45.450162
        ]
      },
      "properties": {
        "name": "Rowan",
        "species": "Sorbus aucuparia 'Rossica'",
        "tier": "prep",
        "notes": "Cook the orange berries into a tart jelly after frost — raw they're astringent and mildly upsetting.",
        "source": "montreal",
        "mtl": "https://donnees.montreal.ca/dataset/arbres",
        "where": "Rue Hamilton",
        "planted": "2009"
      }
    },
    {
      "type": "Feature",
      "id": "mtl268204",
      "geometry": {
        "type": "Point",
        "coordinates": [
          -73.596714,
          45.454677
        ]
      },
      "properties": {
        "name": "Serviceberry",
        "species": "Amelanchier laevis 'Spring Flurry'",
        "tier": "snack",
        "notes": "Sweet blueberry-like pomes in late June — eat raw off the branch before the birds strip them.",
        "source": "montreal",
        "mtl": "https://donnees.montreal.ca/dataset/arbres",
        "where": "Rue Hamilton",
        "planted": "2025",
        "plant": "serviceberry"
      }
    },
    {
      "type": "Feature",
      "id": "mtl268271",
      "geometry": {
        "type": "Point",
        "coordinates": [
          -73.560711,
          45.476056
        ]
      },
      "properties": {
        "name": "Black locust",
        "species": "Robinia pseudoacacia",
        "tier": "caution",
        "notes": "The flowers are edible (fritters); everything else — bark, leaves, pods, seeds — is TOXIC. Take only the blossoms, and be sure it's not a look-alike.",
        "source": "montreal",
        "mtl": "https://donnees.montreal.ca/dataset/arbres",
        "where": "Rue Hibernia"
      }
    },
    {
      "type": "Feature",
      "id": "mtl268275",
      "geometry": {
        "type": "Point",
        "coordinates": [
          -73.561264,
          45.476692
        ]
      },
      "properties": {
        "name": "Pear",
        "species": "Pyrus calleryana 'Glen's Form (Chantecleer)",
        "tier": "snack",
        "notes": "Most street pears are ornamental Callery — tiny hard fruit, only edible frost-softened. The odd 'Bartlett' is a real pear.",
        "source": "montreal",
        "mtl": "https://donnees.montreal.ca/dataset/arbres",
        "where": "Rue Hibernia",
        "planted": "2023"
      }
    },
    {
      "type": "Feature",
      "id": "mtl268337",
      "geometry": {
        "type": "Point",
        "coordinates": [
          -73.58609,
          45.456646
        ]
      },
      "properties": {
        "name": "Walnut / butternut",
        "species": "Juglans cinerea",
        "tier": "prep",
        "notes": "Husk and cure the nuts in fall — the husks stain everything, wear gloves. Butternut (J. cinerea) is milder than black walnut.",
        "source": "montreal",
        "mtl": "https://donnees.montreal.ca/dataset/arbres",
        "where": "Rue Holy Cross",
        "planted": "2017"
      }
    },
    {
      "type": "Feature",
      "id": "mtl268359",
      "geometry": {
        "type": "Point",
        "coordinates": [
          -73.592296,
          45.456571
        ]
      },
      "properties": {
        "name": "Sugar maple",
        "species": "Acer saccharum",
        "tier": "prep",
        "notes": "Tap in the Feb–Mar freeze/thaw and boil the sap to syrup — ~40:1. Needs a spile, bucket, and a lot of firewood.",
        "source": "montreal",
        "mtl": "https://donnees.montreal.ca/dataset/arbres",
        "where": "Rue Holy Cross",
        "planted": "1999"
      }
    },
    {
      "type": "Feature",
      "id": "mtl268373",
      "geometry": {
        "type": "Point",
        "coordinates": [
          -73.590863,
          45.456511
        ]
      },
      "properties": {
        "name": "Kentucky coffeetree",
        "species": "Gymnocladus dioicus",
        "tier": "avoid",
        "notes": "TOXIC raw — the pulp and seeds in the thick flat pods contain cytisine. (Roasting was a historical workaround, but treat it as do-not-eat.) Learn it so you don't mistake it for honey locust.",
        "source": "montreal",
        "mtl": "https://donnees.montreal.ca/dataset/arbres",
        "where": "Rue Holy Cross",
        "planted": "2020"
      }
    },
    {
      "type": "Feature",
      "id": "mtl268520",
      "geometry": {
        "type": "Point",
        "coordinates": [
          -73.598514,
          45.45033
        ]
      },
      "properties": {
        "name": "Hazelnut",
        "species": "Corylus colurna",
        "tier": "snack",
        "notes": "Filberts in late summer — crack and eat raw once the husks brown.",
        "source": "montreal",
        "mtl": "https://donnees.montreal.ca/dataset/arbres",
        "where": "Rue Hurteau",
        "planted": "2016"
      }
    },
    {
      "type": "Feature",
      "id": "mtl268603",
      "geometry": {
        "type": "Point",
        "coordinates": [
          -73.599159,
          45.452547
        ]
      },
      "properties": {
        "name": "Oak (acorns)",
        "species": "Quercus rubra",
        "tier": "prep",
        "notes": "Gather sound acorns in fall; leach the ground meal in several changes of water to pull the tannins, then use as flour. White-oak group leaches easier.",
        "source": "montreal",
        "mtl": "https://donnees.montreal.ca/dataset/arbres",
        "where": "Rue Hurteau",
        "planted": "2019"
      }
    },
    {
      "type": "Feature",
      "id": "mtl268632",
      "geometry": {
        "type": "Point",
        "coordinates": [
          -73.598005,
          45.449312
        ]
      },
      "properties": {
        "name": "Pear",
        "species": "Pyrus ussuriensis",
        "tier": "snack",
        "notes": "Most street pears are ornamental Callery — tiny hard fruit, only edible frost-softened. The odd 'Bartlett' is a real pear.",
        "source": "montreal",
        "mtl": "https://donnees.montreal.ca/dataset/arbres",
        "where": "Rue Hurteau",
        "planted": "2025"
      }
    },
    {
      "type": "Feature",
      "id": "mtl268648",
      "geometry": {
        "type": "Point",
        "coordinates": [
          -73.597155,
          45.446945
        ]
      },
      "properties": {
        "name": "Pear",
        "species": "Pyrus ussuriensis",
        "tier": "snack",
        "notes": "Most street pears are ornamental Callery — tiny hard fruit, only edible frost-softened. The odd 'Bartlett' is a real pear.",
        "source": "montreal",
        "mtl": "https://donnees.montreal.ca/dataset/arbres",
        "where": "Rue Hurteau",
        "planted": "2025"
      }
    },
    {
      "type": "Feature",
      "id": "mtl268846",
      "geometry": {
        "type": "Point",
        "coordinates": [
          -73.585956,
          45.459158
        ]
      },
      "properties": {
        "name": "Crabapple / apple",
        "species": "Malus prunifolia 'Rinki'",
        "tier": "snack",
        "notes": "Street crabapples — taste one; most are tart but good, cook the sour ones into jelly. The city plants dozens of cultivars.",
        "source": "montreal",
        "mtl": "https://donnees.montreal.ca/dataset/arbres",
        "where": "Rue Jacques-Hertel",
        "planted": "2022",
        "plant": "apple"
      }
    },
    {
      "type": "Feature",
      "id": "mtl268889",
      "geometry": {
        "type": "Point",
        "coordinates": [
          -73.596268,
          45.459779
        ]
      },
      "properties": {
        "name": "Pear",
        "species": "Pyrus calleryana 'Glen's Form (Chantecleer)",
        "tier": "snack",
        "notes": "Most street pears are ornamental Callery — tiny hard fruit, only edible frost-softened. The odd 'Bartlett' is a real pear.",
        "source": "montreal",
        "mtl": "https://donnees.montreal.ca/dataset/arbres",
        "where": "Rue Jacques-Hertel",
        "planted": "2025"
      }
    },
    {
      "type": "Feature",
      "id": "mtl269212",
      "geometry": {
        "type": "Point",
        "coordinates": [
          -73.562682,
          45.478923
        ]
      },
      "properties": {
        "name": "Birch",
        "species": "Betula nigra 'Heritage'",
        "tier": "prep",
        "notes": "Tap the sap in early spring (boil down for birch syrup) and the aromatic inner bark/twigs for tea. A sap, not a snack.",
        "source": "montreal",
        "mtl": "https://donnees.montreal.ca/dataset/arbres",
        "where": "Rue Knox",
        "planted": "2019"
      }
    },
    {
      "type": "Feature",
      "id": "mtl269245",
      "geometry": {
        "type": "Point",
        "coordinates": [
          -73.590632,
          45.476576
        ]
      },
      "properties": {
        "name": "Sugar maple",
        "species": "Acer saccharum",
        "tier": "prep",
        "notes": "Tap in the Feb–Mar freeze/thaw and boil the sap to syrup — ~40:1. Needs a spile, bucket, and a lot of firewood.",
        "source": "montreal",
        "mtl": "https://donnees.montreal.ca/dataset/arbres",
        "where": "Rue Lacasse",
        "planted": "2007"
      }
    },
    {
      "type": "Feature",
      "id": "mtl269392",
      "geometry": {
        "type": "Point",
        "coordinates": [
          -73.588263,
          45.460112
        ]
      },
      "properties": {
        "name": "Ginkgo",
        "species": "Ginkgo biloba",
        "tier": "caution",
        "notes": "Only female trees fruit; the fallen flesh reeks and blisters skin (handle with gloves). The inner nut is edible COOKED and in small amounts only — raw/excess is toxic. Most street ginkgos are fruitless male cultivars.",
        "source": "montreal",
        "mtl": "https://donnees.montreal.ca/dataset/arbres",
        "where": "Rue Laurendeau",
        "planted": "2024"
      }
    },
    {
      "type": "Feature",
      "id": "mtl269420",
      "geometry": {
        "type": "Point",
        "coordinates": [
          -73.589482,
          45.453191
        ]
      },
      "properties": {
        "name": "Hawthorn",
        "species": "Crataegus x mordenensis 'Snowbird'",
        "tier": "snack",
        "notes": "Red haws off the tree in fall — nibble the thin flesh, spit the seeds (never chew them).",
        "source": "montreal",
        "mtl": "https://donnees.montreal.ca/dataset/arbres",
        "where": "Rue Laurendeau",
        "planted": "1989"
      }
    },
    {
      "type": "Feature",
      "id": "mtl269605",
      "geometry": {
        "type": "Point",
        "coordinates": [
          -73.593389,
          45.462151
        ]
      },
      "properties": {
        "name": "Kentucky coffeetree",
        "species": "Gymnocladus dioicus",
        "tier": "avoid",
        "notes": "TOXIC raw — the pulp and seeds in the thick flat pods contain cytisine. (Roasting was a historical workaround, but treat it as do-not-eat.) Learn it so you don't mistake it for honey locust.",
        "source": "montreal",
        "mtl": "https://donnees.montreal.ca/dataset/arbres",
        "where": "Rue Le Caron",
        "planted": "2015"
      }
    },
    {
      "type": "Feature",
      "id": "mtl269606",
      "geometry": {
        "type": "Point",
        "coordinates": [
          -73.593661,
          45.462157
        ]
      },
      "properties": {
        "name": "Serviceberry",
        "species": "Amelanchier canadensis",
        "tier": "snack",
        "notes": "Sweet blueberry-like pomes in late June — eat raw off the branch before the birds strip them.",
        "source": "montreal",
        "mtl": "https://donnees.montreal.ca/dataset/arbres",
        "where": "Rue Le Caron",
        "planted": "2024",
        "plant": "serviceberry"
      }
    },
    {
      "type": "Feature",
      "id": "mtl269637",
      "geometry": {
        "type": "Point",
        "coordinates": [
          -73.583303,
          45.461659
        ]
      },
      "properties": {
        "name": "Ginkgo",
        "species": "Ginkgo biloba 'Golden Colonnade'",
        "tier": "caution",
        "notes": "Only female trees fruit; the fallen flesh reeks and blisters skin (handle with gloves). The inner nut is edible COOKED and in small amounts only — raw/excess is toxic. Most street ginkgos are fruitless male cultivars.",
        "source": "montreal",
        "mtl": "https://donnees.montreal.ca/dataset/arbres",
        "where": "Rue Le Caron",
        "planted": "2021"
      }
    },
    {
      "type": "Feature",
      "id": "mtl269709",
      "geometry": {
        "type": "Point",
        "coordinates": [
          -73.591131,
          45.476068
        ]
      },
      "properties": {
        "name": "Hazelnut",
        "species": "Corylus colurna",
        "tier": "snack",
        "notes": "Filberts in late summer — crack and eat raw once the husks brown.",
        "source": "montreal",
        "mtl": "https://donnees.montreal.ca/dataset/arbres",
        "where": "Rue Lenoir",
        "planted": "2020"
      }
    },
    {
      "type": "Feature",
      "id": "mtl269733",
      "geometry": {
        "type": "Point",
        "coordinates": [
          -73.584686,
          45.460035
        ]
      },
      "properties": {
        "name": "Kentucky coffeetree",
        "species": "Gymnocladus dioicus 'Espresso'",
        "tier": "avoid",
        "notes": "TOXIC raw — the pulp and seeds in the thick flat pods contain cytisine. (Roasting was a historical workaround, but treat it as do-not-eat.) Learn it so you don't mistake it for honey locust.",
        "source": "montreal",
        "mtl": "https://donnees.montreal.ca/dataset/arbres",
        "where": "Rue Leprohon",
        "planted": "2020"
      }
    },
    {
      "type": "Feature",
      "id": "mtl269844",
      "geometry": {
        "type": "Point",
        "coordinates": [
          -73.581939,
          45.472285
        ]
      },
      "properties": {
        "name": "Crabapple / apple",
        "species": "Malus x 'Indian Magic'",
        "tier": "snack",
        "notes": "Street crabapples — taste one; most are tart but good, cook the sour ones into jelly. The city plants dozens of cultivars.",
        "source": "montreal",
        "mtl": "https://donnees.montreal.ca/dataset/arbres",
        "where": "Rue Léa-Roback",
        "planted": "2022",
        "plant": "apple"
      }
    },
    {
      "type": "Feature",
      "id": "mtl270063",
      "geometry": {
        "type": "Point",
        "coordinates": [
          -73.599018,
          45.449577
        ]
      },
      "properties": {
        "name": "Hackberry",
        "species": "Celtis occidentalis",
        "tier": "snack",
        "notes": "Small orange-brown drupes in fall — thin sweet date-like flesh over a crunchable seed. Eat whole.",
        "source": "montreal",
        "mtl": "https://donnees.montreal.ca/dataset/arbres",
        "where": "Rue Mazarin",
        "planted": "1968"
      }
    },
    {
      "type": "Feature",
      "id": "mtl270317",
      "geometry": {
        "type": "Point",
        "coordinates": [
          -73.586389,
          45.475522
        ]
      },
      "properties": {
        "name": "Honey locust",
        "species": "Gleditsia triacanthos 'Skyline'",
        "tier": "caution",
        "notes": "Sweet pulp inside the long twisted pods is edible — but do NOT confuse it with the TOXIC Kentucky coffeetree (thick flat pods) or black locust. Honey locust has fine branching thorns and tiny leaflets.",
        "source": "montreal",
        "mtl": "https://donnees.montreal.ca/dataset/arbres",
        "where": "Rue Notre-Dame Ouest",
        "planted": "2006"
      }
    },
    {
      "type": "Feature",
      "id": "mtl270735",
      "geometry": {
        "type": "Point",
        "coordinates": [
          -73.599387,
          45.46429
        ]
      },
      "properties": {
        "name": "Ginkgo",
        "species": "Ginkgo biloba 'Autumn Gold'",
        "tier": "caution",
        "notes": "Only female trees fruit; the fallen flesh reeks and blisters skin (handle with gloves). The inner nut is edible COOKED and in small amounts only — raw/excess is toxic. Most street ginkgos are fruitless male cultivars.",
        "source": "montreal",
        "mtl": "https://donnees.montreal.ca/dataset/arbres",
        "where": "Rue Philippe-Turcot",
        "planted": "2021"
      }
    },
    {
      "type": "Feature",
      "id": "mtl270758",
      "geometry": {
        "type": "Point",
        "coordinates": [
          -73.580271,
          45.469266
        ]
      },
      "properties": {
        "name": "Horse-chestnut",
        "species": "Aesculus glabra",
        "tier": "avoid",
        "notes": "TOXIC — the shiny conkers are NOT the edible sweet chestnut (Castanea, which the city doesn't plant here). Do not eat.",
        "source": "montreal",
        "mtl": "https://donnees.montreal.ca/dataset/arbres",
        "where": "Rue Pitt",
        "planted": "2020"
      }
    },
    {
      "type": "Feature",
      "id": "mtl270775",
      "geometry": {
        "type": "Point",
        "coordinates": [
          -73.581918,
          45.469906
        ]
      },
      "properties": {
        "name": "Kentucky coffeetree",
        "species": "Gymnocladus dioicus",
        "tier": "avoid",
        "notes": "TOXIC raw — the pulp and seeds in the thick flat pods contain cytisine. (Roasting was a historical workaround, but treat it as do-not-eat.) Learn it so you don't mistake it for honey locust.",
        "source": "montreal",
        "mtl": "https://donnees.montreal.ca/dataset/arbres",
        "where": "Rue Pitt",
        "planted": "2020"
      }
    },
    {
      "type": "Feature",
      "id": "mtl270865",
      "geometry": {
        "type": "Point",
        "coordinates": [
          -73.594522,
          45.447918
        ]
      },
      "properties": {
        "name": "Ginkgo",
        "species": "Ginkgo biloba 'Princeton Sentry'",
        "tier": "caution",
        "notes": "Only female trees fruit; the fallen flesh reeks and blisters skin (handle with gloves). The inner nut is edible COOKED and in small amounts only — raw/excess is toxic. Most street ginkgos are fruitless male cultivars.",
        "source": "montreal",
        "mtl": "https://donnees.montreal.ca/dataset/arbres",
        "where": "Rue Raudot",
        "planted": "2022"
      }
    },
    {
      "type": "Feature",
      "id": "mtl271267",
      "geometry": {
        "type": "Point",
        "coordinates": [
          -73.563135,
          45.475267
        ]
      },
      "properties": {
        "name": "Kentucky coffeetree",
        "species": "Gymnocladus dioicus",
        "tier": "avoid",
        "notes": "TOXIC raw — the pulp and seeds in the thick flat pods contain cytisine. (Roasting was a historical workaround, but treat it as do-not-eat.) Learn it so you don't mistake it for honey locust.",
        "source": "montreal",
        "mtl": "https://donnees.montreal.ca/dataset/arbres",
        "where": "Rue Rozel",
        "planted": "2021"
      }
    },
    {
      "type": "Feature",
      "id": "mtl271440",
      "geometry": {
        "type": "Point",
        "coordinates": [
          -73.589578,
          45.469171
        ]
      },
      "properties": {
        "name": "Horse-chestnut",
        "species": "Aesculus x hybrida",
        "tier": "avoid",
        "notes": "TOXIC — the shiny conkers are NOT the edible sweet chestnut (Castanea, which the city doesn't plant here). Do not eat.",
        "source": "montreal",
        "mtl": "https://donnees.montreal.ca/dataset/arbres",
        "where": "Rue Saint-Ambroise",
        "planted": "2019"
      }
    },
    {
      "type": "Feature",
      "id": "mtl271466",
      "geometry": {
        "type": "Point",
        "coordinates": [
          -73.583824,
          45.472473
        ]
      },
      "properties": {
        "name": "Serviceberry",
        "species": "Amelanchier canadensis 'Ballerina'",
        "tier": "snack",
        "notes": "Sweet blueberry-like pomes in late June — eat raw off the branch before the birds strip them.",
        "source": "montreal",
        "mtl": "https://donnees.montreal.ca/dataset/arbres",
        "where": "Rue Saint-Ambroise",
        "planted": "2023",
        "plant": "serviceberry"
      }
    },
    {
      "type": "Feature",
      "id": "mtl271496",
      "geometry": {
        "type": "Point",
        "coordinates": [
          -73.588723,
          45.478798
        ]
      },
      "properties": {
        "name": "Pear",
        "species": "Pyrus calleryana",
        "tier": "snack",
        "notes": "Most street pears are ornamental Callery — tiny hard fruit, only edible frost-softened. The odd 'Bartlett' is a real pear.",
        "source": "montreal",
        "mtl": "https://donnees.montreal.ca/dataset/arbres",
        "where": "Rue Saint-Antoine Ouest",
        "planted": "2025"
      }
    },
    {
      "type": "Feature",
      "id": "mtl271499",
      "geometry": {
        "type": "Point",
        "coordinates": [
          -73.589099,
          45.478473
        ]
      },
      "properties": {
        "name": "Ginkgo",
        "species": "Ginkgo b.'The President' (Presidential Gold)",
        "tier": "caution",
        "notes": "Only female trees fruit; the fallen flesh reeks and blisters skin (handle with gloves). The inner nut is edible COOKED and in small amounts only — raw/excess is toxic. Most street ginkgos are fruitless male cultivars.",
        "source": "montreal",
        "mtl": "https://donnees.montreal.ca/dataset/arbres",
        "where": "Rue Saint-Antoine Ouest",
        "planted": "2025"
      }
    },
    {
      "type": "Feature",
      "id": "mtl271608",
      "geometry": {
        "type": "Point",
        "coordinates": [
          -73.580214,
          45.477357
        ]
      },
      "properties": {
        "name": "Honey locust",
        "species": "Gleditsia triacanthos 'Skyline'",
        "tier": "caution",
        "notes": "Sweet pulp inside the long twisted pods is edible — but do NOT confuse it with the TOXIC Kentucky coffeetree (thick flat pods) or black locust. Honey locust has fine branching thorns and tiny leaflets.",
        "source": "montreal",
        "mtl": "https://donnees.montreal.ca/dataset/arbres",
        "where": "Rue Saint-Augustin",
        "planted": "2016"
      }
    },
    {
      "type": "Feature",
      "id": "mtl271612",
      "geometry": {
        "type": "Point",
        "coordinates": [
          -73.580986,
          45.47773
        ]
      },
      "properties": {
        "name": "Hazelnut",
        "species": "Corylus colurna",
        "tier": "snack",
        "notes": "Filberts in late summer — crack and eat raw once the husks brown.",
        "source": "montreal",
        "mtl": "https://donnees.montreal.ca/dataset/arbres",
        "where": "Rue Saint-Augustin",
        "planted": "2019"
      }
    },
    {
      "type": "Feature",
      "id": "mtl271627",
      "geometry": {
        "type": "Point",
        "coordinates": [
          -73.580381,
          45.477326
        ]
      },
      "properties": {
        "name": "Crabapple / apple",
        "species": "Malus prunifolia 'Rinki'",
        "tier": "snack",
        "notes": "Street crabapples — taste one; most are tart but good, cook the sour ones into jelly. The city plants dozens of cultivars.",
        "source": "montreal",
        "mtl": "https://donnees.montreal.ca/dataset/arbres",
        "where": "Rue Saint-Augustin",
        "planted": "2019",
        "plant": "apple"
      }
    },
    {
      "type": "Feature",
      "id": "mtl271631",
      "geometry": {
        "type": "Point",
        "coordinates": [
          -73.581887,
          45.478053
        ]
      },
      "properties": {
        "name": "Rowan",
        "species": "Sorbus aucuparia 'Rossica'",
        "tier": "prep",
        "notes": "Cook the orange berries into a tart jelly after frost — raw they're astringent and mildly upsetting.",
        "source": "montreal",
        "mtl": "https://donnees.montreal.ca/dataset/arbres",
        "where": "Rue Saint-Augustin",
        "planted": "2018"
      }
    },
    {
      "type": "Feature",
      "id": "mtl271636",
      "geometry": {
        "type": "Point",
        "coordinates": [
          -73.581074,
          45.477658
        ]
      },
      "properties": {
        "name": "Pear",
        "species": "Pyrus calleryana 'Glen's Form (Chantecleer)",
        "tier": "snack",
        "notes": "Most street pears are ornamental Callery — tiny hard fruit, only edible frost-softened. The odd 'Bartlett' is a real pear.",
        "source": "montreal",
        "mtl": "https://donnees.montreal.ca/dataset/arbres",
        "where": "Rue Saint-Augustin",
        "planted": "2021"
      }
    },
    {
      "type": "Feature",
      "id": "mtl271719",
      "geometry": {
        "type": "Point",
        "coordinates": [
          -73.570716,
          45.478578
        ]
      },
      "properties": {
        "name": "Pear",
        "species": "Pyrus calleryana 'Glen's Form (Chantecleer)",
        "tier": "snack",
        "notes": "Most street pears are ornamental Callery — tiny hard fruit, only edible frost-softened. The odd 'Bartlett' is a real pear.",
        "source": "montreal",
        "mtl": "https://donnees.montreal.ca/dataset/arbres",
        "where": "Rue Saint-Charles",
        "planted": "2021"
      }
    },
    {
      "type": "Feature",
      "id": "mtl271972",
      "geometry": {
        "type": "Point",
        "coordinates": [
          -73.58392,
          45.479744
        ]
      },
      "properties": {
        "name": "Hawthorn",
        "species": "Crataegus x mordenensis 'Toba'",
        "tier": "snack",
        "notes": "Red haws off the tree in fall — nibble the thin flesh, spit the seeds (never chew them).",
        "source": "montreal",
        "mtl": "https://donnees.montreal.ca/dataset/arbres",
        "where": "Rue Saint-Jacques",
        "planted": "2006"
      }
    },
    {
      "type": "Feature",
      "id": "mtl272185",
      "geometry": {
        "type": "Point",
        "coordinates": [
          -73.584391,
          45.468836
        ]
      },
      "properties": {
        "name": "Honey locust",
        "species": "Gleditsia triacanthos 'Skyline'",
        "tier": "caution",
        "notes": "Sweet pulp inside the long twisted pods is edible — but do NOT confuse it with the TOXIC Kentucky coffeetree (thick flat pods) or black locust. Honey locust has fine branching thorns and tiny leaflets.",
        "source": "montreal",
        "mtl": "https://donnees.montreal.ca/dataset/arbres",
        "where": "Rue Saint-Patrick",
        "planted": "2013"
      }
    },
    {
      "type": "Feature",
      "id": "mtl272293",
      "geometry": {
        "type": "Point",
        "coordinates": [
          -73.577264,
          45.474599
        ]
      },
      "properties": {
        "name": "Hackberry",
        "species": "Celtis occidentalis 'Prairie Sentinel'",
        "tier": "snack",
        "notes": "Small orange-brown drupes in fall — thin sweet date-like flesh over a crunchable seed. Eat whole.",
        "source": "montreal",
        "mtl": "https://donnees.montreal.ca/dataset/arbres",
        "where": "Rue Saint-Patrick",
        "planted": "2020"
      }
    },
    {
      "type": "Feature",
      "id": "mtl272367",
      "geometry": {
        "type": "Point",
        "coordinates": [
          -73.588684,
          45.477088
        ]
      },
      "properties": {
        "name": "Kentucky coffeetree",
        "species": "Gymnocladus dioicus",
        "tier": "avoid",
        "notes": "TOXIC raw — the pulp and seeds in the thick flat pods contain cytisine. (Roasting was a historical workaround, but treat it as do-not-eat.) Learn it so you don't mistake it for honey locust.",
        "source": "montreal",
        "mtl": "https://donnees.montreal.ca/dataset/arbres",
        "where": "Rue Saint-Philippe",
        "planted": "2021"
      }
    },
    {
      "type": "Feature",
      "id": "mtl272432",
      "geometry": {
        "type": "Point",
        "coordinates": [
          -73.58795,
          45.46392
        ]
      },
      "properties": {
        "name": "Oak (acorns)",
        "species": "Quercus macrocarpa",
        "tier": "prep",
        "notes": "Gather sound acorns in fall; leach the ground meal in several changes of water to pull the tannins, then use as flour. White-oak group leaches easier.",
        "source": "montreal",
        "mtl": "https://donnees.montreal.ca/dataset/arbres",
        "where": "Rue Saint-Rémi",
        "planted": "2024"
      }
    },
    {
      "type": "Feature",
      "id": "mtl272586",
      "geometry": {
        "type": "Point",
        "coordinates": [
          -73.591241,
          45.477844
        ]
      },
      "properties": {
        "name": "Hazelnut",
        "species": "Corylus colurna",
        "tier": "snack",
        "notes": "Filberts in late summer — crack and eat raw once the husks brown.",
        "source": "montreal",
        "mtl": "https://donnees.montreal.ca/dataset/arbres",
        "where": "Rue Sainte-Marguerite",
        "planted": "2011"
      }
    },
    {
      "type": "Feature",
      "id": "mtl272809",
      "geometry": {
        "type": "Point",
        "coordinates": [
          -73.583933,
          45.454044
        ]
      },
      "properties": {
        "name": "Sugar maple",
        "species": "Acer saccharum",
        "tier": "prep",
        "notes": "Tap in the Feb–Mar freeze/thaw and boil the sap to syrup — ~40:1. Needs a spile, bucket, and a lot of firewood.",
        "source": "montreal",
        "mtl": "https://donnees.montreal.ca/dataset/arbres",
        "where": "Rue Springland",
        "planted": "2015"
      }
    },
    {
      "type": "Feature",
      "id": "mtl272825",
      "geometry": {
        "type": "Point",
        "coordinates": [
          -73.587012,
          45.454168
        ]
      },
      "properties": {
        "name": "Hawthorn",
        "species": "Crataegus",
        "tier": "snack",
        "notes": "Red haws off the tree in fall — nibble the thin flesh, spit the seeds (never chew them).",
        "source": "montreal",
        "mtl": "https://donnees.montreal.ca/dataset/arbres",
        "where": "Rue Springland"
      }
    },
    {
      "type": "Feature",
      "id": "mtl272873",
      "geometry": {
        "type": "Point",
        "coordinates": [
          -73.598417,
          45.45335
        ]
      },
      "properties": {
        "name": "Crabapple / apple",
        "species": "Malus x 'Rosseau'",
        "tier": "snack",
        "notes": "Street crabapples — taste one; most are tart but good, cook the sour ones into jelly. The city plants dozens of cultivars.",
        "source": "montreal",
        "mtl": "https://donnees.montreal.ca/dataset/arbres",
        "where": "Rue Springland",
        "planted": "2023",
        "plant": "apple"
      }
    },
    {
      "type": "Feature",
      "id": "mtl272944",
      "geometry": {
        "type": "Point",
        "coordinates": [
          -73.591071,
          45.454165
        ]
      },
      "properties": {
        "name": "Pear",
        "species": "Pyrus",
        "tier": "snack",
        "notes": "Most street pears are ornamental Callery — tiny hard fruit, only edible frost-softened. The odd 'Bartlett' is a real pear.",
        "source": "montreal",
        "mtl": "https://donnees.montreal.ca/dataset/arbres",
        "where": "Rue Springland"
      }
    },
    {
      "type": "Feature",
      "id": "mtl273009",
      "geometry": {
        "type": "Point",
        "coordinates": [
          -73.589518,
          45.454104
        ]
      },
      "properties": {
        "name": "Hazelnut",
        "species": "Corylus colurna",
        "tier": "snack",
        "notes": "Filberts in late summer — crack and eat raw once the husks brown.",
        "source": "montreal",
        "mtl": "https://donnees.montreal.ca/dataset/arbres",
        "where": "Rue Springland",
        "planted": "2020"
      }
    },
    {
      "type": "Feature",
      "id": "mtl273050",
      "geometry": {
        "type": "Point",
        "coordinates": [
          -73.573794,
          45.477186
        ]
      },
      "properties": {
        "name": "Ginkgo",
        "species": "Ginkgo biloba",
        "tier": "caution",
        "notes": "Only female trees fruit; the fallen flesh reeks and blisters skin (handle with gloves). The inner nut is edible COOKED and in small amounts only — raw/excess is toxic. Most street ginkgos are fruitless male cultivars.",
        "source": "montreal",
        "mtl": "https://donnees.montreal.ca/dataset/arbres",
        "where": "Rue Thomas-Keefer",
        "planted": "2018"
      }
    },
    {
      "type": "Feature",
      "id": "mtl273231",
      "geometry": {
        "type": "Point",
        "coordinates": [
          -73.559123,
          45.478198
        ]
      },
      "properties": {
        "name": "Pear",
        "species": "Pyrus calleryana 'Glen's Form (Chantecleer)",
        "tier": "snack",
        "notes": "Most street pears are ornamental Callery — tiny hard fruit, only edible frost-softened. The odd 'Bartlett' is a real pear.",
        "source": "montreal",
        "mtl": "https://donnees.montreal.ca/dataset/arbres",
        "where": "Rue Wellington",
        "planted": "2024"
      }
    },
    {
      "type": "Feature",
      "id": "mtl273245",
      "geometry": {
        "type": "Point",
        "coordinates": [
          -73.560268,
          45.475966
        ]
      },
      "properties": {
        "name": "Kentucky coffeetree",
        "species": "Gymnocladus dioicus",
        "tier": "avoid",
        "notes": "TOXIC raw — the pulp and seeds in the thick flat pods contain cytisine. (Roasting was a historical workaround, but treat it as do-not-eat.) Learn it so you don't mistake it for honey locust.",
        "source": "montreal",
        "mtl": "https://donnees.montreal.ca/dataset/arbres",
        "where": "Rue Wellington",
        "planted": "2024"
      }
    },
    {
      "type": "Feature",
      "id": "mtl273422",
      "geometry": {
        "type": "Point",
        "coordinates": [
          -73.582254,
          45.479808
        ]
      },
      "properties": {
        "name": "Hawthorn",
        "species": "Crataegus x mordenensis 'Toba'",
        "tier": "snack",
        "notes": "Red haws off the tree in fall — nibble the thin flesh, spit the seeds (never chew them).",
        "source": "montreal",
        "mtl": "https://donnees.montreal.ca/dataset/arbres",
        "where": "Rue Workman",
        "planted": "2009"
      }
    },
    {
      "type": "Feature",
      "id": "mtl273700",
      "geometry": {
        "type": "Point",
        "coordinates": [
          -73.597618,
          45.453575
        ]
      },
      "properties": {
        "name": "Pear",
        "species": "Pyrus calleryana 'Glen's Form (Chantecleer)",
        "tier": "snack",
        "notes": "Most street pears are ornamental Callery — tiny hard fruit, only edible frost-softened. The odd 'Bartlett' is a real pear.",
        "source": "montreal",
        "mtl": "https://donnees.montreal.ca/dataset/arbres",
        "where": "Rue d'Aragon",
        "planted": "2025"
      }
    },
    {
      "type": "Feature",
      "id": "mtl273902",
      "geometry": {
        "type": "Point",
        "coordinates": [
          -73.585701,
          45.457743
        ]
      },
      "properties": {
        "name": "Birch",
        "species": "Betula populifolia 'Whitespire'",
        "tier": "prep",
        "notes": "Tap the sap in early spring (boil down for birch syrup) and the aromatic inner bark/twigs for tea. A sap, not a snack.",
        "source": "montreal",
        "mtl": "https://donnees.montreal.ca/dataset/arbres",
        "where": "Rue de Maricourt",
        "planted": "2025"
      }
    },
    {
      "type": "Feature",
      "id": "mtl308037",
      "geometry": {
        "type": "Point",
        "coordinates": [
          -73.570655,
          45.458045
        ]
      },
      "properties": {
        "name": "Sugar maple",
        "species": "Acer saccharum",
        "tier": "prep",
        "notes": "Tap in the Feb–Mar freeze/thaw and boil the sap to syrup — ~40:1. Needs a spile, bucket, and a lot of firewood.",
        "source": "montreal",
        "mtl": "https://donnees.montreal.ca/dataset/arbres",
        "where": "2e avenue"
      }
    },
    {
      "type": "Feature",
      "id": "mtl308051",
      "geometry": {
        "type": "Point",
        "coordinates": [
          -73.568628,
          45.457837
        ]
      },
      "properties": {
        "name": "Ginkgo",
        "species": "Ginkgo biloba mâle",
        "tier": "caution",
        "notes": "Only female trees fruit; the fallen flesh reeks and blisters skin (handle with gloves). The inner nut is edible COOKED and in small amounts only — raw/excess is toxic. Most street ginkgos are fruitless male cultivars.",
        "source": "montreal",
        "mtl": "https://donnees.montreal.ca/dataset/arbres",
        "where": "2e avenue",
        "planted": "2024"
      }
    },
    {
      "type": "Feature",
      "id": "mtl308083",
      "geometry": {
        "type": "Point",
        "coordinates": [
          -73.564325,
          45.457186
        ]
      },
      "properties": {
        "name": "Serviceberry",
        "species": "Amelanchier canadensis",
        "tier": "snack",
        "notes": "Sweet blueberry-like pomes in late June — eat raw off the branch before the birds strip them.",
        "source": "montreal",
        "mtl": "https://donnees.montreal.ca/dataset/arbres",
        "where": "3e avenue",
        "planted": "2020",
        "plant": "serviceberry"
      }
    },
    {
      "type": "Feature",
      "id": "mtl308139",
      "geometry": {
        "type": "Point",
        "coordinates": [
          -73.577031,
          45.457751
        ]
      },
      "properties": {
        "name": "Hackberry",
        "species": "Celtis occidentalis",
        "tier": "snack",
        "notes": "Small orange-brown drupes in fall — thin sweet date-like flesh over a crunchable seed. Eat whole.",
        "source": "montreal",
        "mtl": "https://donnees.montreal.ca/dataset/arbres",
        "where": "3e avenue"
      }
    },
    {
      "type": "Feature",
      "id": "mtl308159",
      "geometry": {
        "type": "Point",
        "coordinates": [
          -73.566829,
          45.457173
        ]
      },
      "properties": {
        "name": "Serviceberry",
        "species": "Amelanchier",
        "tier": "snack",
        "notes": "Sweet blueberry-like pomes in late June — eat raw off the branch before the birds strip them.",
        "source": "montreal",
        "mtl": "https://donnees.montreal.ca/dataset/arbres",
        "where": "3e avenue",
        "plant": "serviceberry"
      }
    },
    {
      "type": "Feature",
      "id": "mtl308186",
      "geometry": {
        "type": "Point",
        "coordinates": [
          -73.574833,
          45.457531
        ]
      },
      "properties": {
        "name": "Sugar maple",
        "species": "Acer saccharum",
        "tier": "prep",
        "notes": "Tap in the Feb–Mar freeze/thaw and boil the sap to syrup — ~40:1. Needs a spile, bucket, and a lot of firewood.",
        "source": "montreal",
        "mtl": "https://donnees.montreal.ca/dataset/arbres",
        "where": "3e avenue"
      }
    },
    {
      "type": "Feature",
      "id": "mtl308197",
      "geometry": {
        "type": "Point",
        "coordinates": [
          -73.577736,
          45.45765
        ]
      },
      "properties": {
        "name": "Oak (acorns)",
        "species": "Quercus palustris",
        "tier": "prep",
        "notes": "Gather sound acorns in fall; leach the ground meal in several changes of water to pull the tannins, then use as flour. White-oak group leaches easier.",
        "source": "montreal",
        "mtl": "https://donnees.montreal.ca/dataset/arbres",
        "where": "3e avenue",
        "planted": "2016"
      }
    },
    {
      "type": "Feature",
      "id": "mtl308314",
      "geometry": {
        "type": "Point",
        "coordinates": [
          -73.573514,
          45.45689
        ]
      },
      "properties": {
        "name": "Linden",
        "species": "Tilia cordata",
        "tier": "snack",
        "notes": "Young heart-shaped leaves are a mild salad green in spring; the fragrant flowers make a calming tea.",
        "source": "montreal",
        "mtl": "https://donnees.montreal.ca/dataset/arbres",
        "where": "4e avenue",
        "plant": "linden"
      }
    },
    {
      "type": "Feature",
      "id": "mtl308401",
      "geometry": {
        "type": "Point",
        "coordinates": [
          -73.57775,
          45.456461
        ]
      },
      "properties": {
        "name": "Kentucky coffeetree",
        "species": "Gymnocladus dioicus",
        "tier": "avoid",
        "notes": "TOXIC raw — the pulp and seeds in the thick flat pods contain cytisine. (Roasting was a historical workaround, but treat it as do-not-eat.) Learn it so you don't mistake it for honey locust.",
        "source": "montreal",
        "mtl": "https://donnees.montreal.ca/dataset/arbres",
        "where": "5e avenue",
        "planted": "2018"
      }
    },
    {
      "type": "Feature",
      "id": "mtl308509",
      "geometry": {
        "type": "Point",
        "coordinates": [
          -73.579383,
          45.455535
        ]
      },
      "properties": {
        "name": "Sugar maple",
        "species": "Acer saccharum",
        "tier": "prep",
        "notes": "Tap in the Feb–Mar freeze/thaw and boil the sap to syrup — ~40:1. Needs a spile, bucket, and a lot of firewood.",
        "source": "montreal",
        "mtl": "https://donnees.montreal.ca/dataset/arbres",
        "where": "6e avenue"
      }
    },
    {
      "type": "Feature",
      "id": "mtl308555",
      "geometry": {
        "type": "Point",
        "coordinates": [
          -73.568627,
          45.459344
        ]
      },
      "properties": {
        "name": "Oak (acorns)",
        "species": "Quercus coccinea",
        "tier": "prep",
        "notes": "Gather sound acorns in fall; leach the ground meal in several changes of water to pull the tannins, then use as flour. White-oak group leaches easier.",
        "source": "montreal",
        "mtl": "https://donnees.montreal.ca/dataset/arbres",
        "where": "Rue Willibrord",
        "planted": "2018"
      }
    },
    {
      "type": "Feature",
      "id": "mtl308563",
      "geometry": {
        "type": "Point",
        "coordinates": [
          -73.570174,
          45.459413
        ]
      },
      "properties": {
        "name": "Kentucky coffeetree",
        "species": "Gymnocladus dioicus 'Espresso'",
        "tier": "avoid",
        "notes": "TOXIC raw — the pulp and seeds in the thick flat pods contain cytisine. (Roasting was a historical workaround, but treat it as do-not-eat.) Learn it so you don't mistake it for honey locust.",
        "source": "montreal",
        "mtl": "https://donnees.montreal.ca/dataset/arbres",
        "where": "Rue Willibrord",
        "planted": "2018"
      }
    },
    {
      "type": "Feature",
      "id": "mtl308565",
      "geometry": {
        "type": "Point",
        "coordinates": [
          -73.570587,
          45.459436
        ]
      },
      "properties": {
        "name": "Honey locust",
        "species": "Gleditsia triacanthos 'Shademaster'",
        "tier": "caution",
        "notes": "Sweet pulp inside the long twisted pods is edible — but do NOT confuse it with the TOXIC Kentucky coffeetree (thick flat pods) or black locust. Honey locust has fine branching thorns and tiny leaflets.",
        "source": "montreal",
        "mtl": "https://donnees.montreal.ca/dataset/arbres",
        "where": "Rue Willibrord",
        "planted": "2023"
      }
    },
    {
      "type": "Feature",
      "id": "mtl308570",
      "geometry": {
        "type": "Point",
        "coordinates": [
          -73.571347,
          45.459469
        ]
      },
      "properties": {
        "name": "Hackberry",
        "species": "Celtis occidentalis",
        "tier": "snack",
        "notes": "Small orange-brown drupes in fall — thin sweet date-like flesh over a crunchable seed. Eat whole.",
        "source": "montreal",
        "mtl": "https://donnees.montreal.ca/dataset/arbres",
        "where": "Rue Willibrord"
      }
    },
    {
      "type": "Feature",
      "id": "mtl308603",
      "geometry": {
        "type": "Point",
        "coordinates": [
          -73.5735,
          45.459421
        ]
      },
      "properties": {
        "name": "Cherry / chokecherry",
        "species": "Prunus",
        "tier": "prep",
        "notes": "Chokecherry & black cherry — cook the ripe fruit for jelly/syrup; astringent raw and the pits are cyanogenic. Never eat the pits.",
        "source": "montreal",
        "mtl": "https://donnees.montreal.ca/dataset/arbres",
        "where": "Rue Willibrord"
      }
    },
    {
      "type": "Feature",
      "id": "mtl308663",
      "geometry": {
        "type": "Point",
        "coordinates": [
          -73.570534,
          45.459321
        ]
      },
      "properties": {
        "name": "Serviceberry",
        "species": "Amelanchier canadensis",
        "tier": "snack",
        "notes": "Sweet blueberry-like pomes in late June — eat raw off the branch before the birds strip them.",
        "source": "montreal",
        "mtl": "https://donnees.montreal.ca/dataset/arbres",
        "where": "Rue Willibrord",
        "planted": "2018",
        "plant": "serviceberry"
      }
    },
    {
      "type": "Feature",
      "id": "mtl308670",
      "geometry": {
        "type": "Point",
        "coordinates": [
          -73.577497,
          45.459623
        ]
      },
      "properties": {
        "name": "Rowan",
        "species": "Sorbus aucuparia",
        "tier": "prep",
        "notes": "Cook the orange berries into a tart jelly after frost — raw they're astringent and mildly upsetting.",
        "source": "montreal",
        "mtl": "https://donnees.montreal.ca/dataset/arbres",
        "where": "Rue Willibrord"
      }
    },
    {
      "type": "Feature",
      "id": "mtl308671",
      "geometry": {
        "type": "Point",
        "coordinates": [
          -73.577507,
          45.45961
        ]
      },
      "properties": {
        "name": "Birch",
        "species": "Betula populifolia",
        "tier": "prep",
        "notes": "Tap the sap in early spring (boil down for birch syrup) and the aromatic inner bark/twigs for tea. A sap, not a snack.",
        "source": "montreal",
        "mtl": "https://donnees.montreal.ca/dataset/arbres",
        "where": "Rue Willibrord"
      }
    },
    {
      "type": "Feature",
      "id": "mtl308674",
      "geometry": {
        "type": "Point",
        "coordinates": [
          -73.577624,
          45.459621
        ]
      },
      "properties": {
        "name": "Hawthorn",
        "species": "Crataegus",
        "tier": "snack",
        "notes": "Red haws off the tree in fall — nibble the thin flesh, spit the seeds (never chew them).",
        "source": "montreal",
        "mtl": "https://donnees.montreal.ca/dataset/arbres",
        "where": "Rue Willibrord"
      }
    },
    {
      "type": "Feature",
      "id": "mtl308715",
      "geometry": {
        "type": "Point",
        "coordinates": [
          -73.585953,
          45.449278
        ]
      },
      "properties": {
        "name": "Pear",
        "species": "Pyrus calleryana 'Glen's Form (Chantecleer)",
        "tier": "snack",
        "notes": "Most street pears are ornamental Callery — tiny hard fruit, only edible frost-softened. The odd 'Bartlett' is a real pear.",
        "source": "montreal",
        "mtl": "https://donnees.montreal.ca/dataset/arbres",
        "where": "avenue  Brown"
      }
    },
    {
      "type": "Feature",
      "id": "mtl308758",
      "geometry": {
        "type": "Point",
        "coordinates": [
          -73.582257,
          45.448628
        ]
      },
      "properties": {
        "name": "Walnut / butternut",
        "species": "Juglans nigra",
        "tier": "prep",
        "notes": "Husk and cure the nuts in fall — the husks stain everything, wear gloves. Butternut (J. cinerea) is milder than black walnut.",
        "source": "montreal",
        "mtl": "https://donnees.montreal.ca/dataset/arbres",
        "where": "avenue  Brown"
      }
    },
    {
      "type": "Feature",
      "id": "mtl308774",
      "geometry": {
        "type": "Point",
        "coordinates": [
          -73.568899,
          45.454756
        ]
      },
      "properties": {
        "name": "Cherry / chokecherry",
        "species": "Prunus",
        "tier": "prep",
        "notes": "Chokecherry & black cherry — cook the ripe fruit for jelly/syrup; astringent raw and the pits are cyanogenic. Never eat the pits.",
        "source": "montreal",
        "mtl": "https://donnees.montreal.ca/dataset/arbres",
        "where": "avenue  Desmarchais"
      }
    },
    {
      "type": "Feature",
      "id": "mtl308794",
      "geometry": {
        "type": "Point",
        "coordinates": [
          -73.577246,
          45.454771
        ]
      },
      "properties": {
        "name": "Hickory",
        "species": "Carya ovata",
        "tier": "prep",
        "notes": "Shagbark (C. ovata) nuts are sweet — crack and pick; bitternut (C. cordiformis) is too bitter to bother. Bark makes a syrup.",
        "source": "montreal",
        "mtl": "https://donnees.montreal.ca/dataset/arbres",
        "where": "avenue  Desmarchais",
        "planted": "2022"
      }
    },
    {
      "type": "Feature",
      "id": "mtl308816",
      "geometry": {
        "type": "Point",
        "coordinates": [
          -73.576669,
          45.454751
        ]
      },
      "properties": {
        "name": "Linden",
        "species": "Tilia americana 'Fastigiata'",
        "tier": "snack",
        "notes": "Young heart-shaped leaves are a mild salad green in spring; the fragrant flowers make a calming tea.",
        "source": "montreal",
        "mtl": "https://donnees.montreal.ca/dataset/arbres",
        "where": "avenue  Desmarchais",
        "planted": "2018",
        "plant": "linden"
      }
    },
    {
      "type": "Feature",
      "id": "mtl308818",
      "geometry": {
        "type": "Point",
        "coordinates": [
          -73.569983,
          45.454673
        ]
      },
      "properties": {
        "name": "Kentucky coffeetree",
        "species": "Gymnocladus dioicus",
        "tier": "avoid",
        "notes": "TOXIC raw — the pulp and seeds in the thick flat pods contain cytisine. (Roasting was a historical workaround, but treat it as do-not-eat.) Learn it so you don't mistake it for honey locust.",
        "source": "montreal",
        "mtl": "https://donnees.montreal.ca/dataset/arbres",
        "where": "avenue  Desmarchais",
        "planted": "2024"
      }
    },
    {
      "type": "Feature",
      "id": "mtl308871",
      "geometry": {
        "type": "Point",
        "coordinates": [
          -73.568512,
          45.454618
        ]
      },
      "properties": {
        "name": "Hazelnut",
        "species": "Corylus colurna",
        "tier": "snack",
        "notes": "Filberts in late summer — crack and eat raw once the husks brown.",
        "source": "montreal",
        "mtl": "https://donnees.montreal.ca/dataset/arbres",
        "where": "avenue  Desmarchais",
        "planted": "2022"
      }
    },
    {
      "type": "Feature",
      "id": "mtl308893",
      "geometry": {
        "type": "Point",
        "coordinates": [
          -73.573555,
          45.4547
        ]
      },
      "properties": {
        "name": "Hackberry",
        "species": "Celtis occidentalis",
        "tier": "snack",
        "notes": "Small orange-brown drupes in fall — thin sweet date-like flesh over a crunchable seed. Eat whole.",
        "source": "montreal",
        "mtl": "https://donnees.montreal.ca/dataset/arbres",
        "where": "avenue  Desmarchais",
        "planted": "2017"
      }
    },
    {
      "type": "Feature",
      "id": "mtl308911",
      "geometry": {
        "type": "Point",
        "coordinates": [
          -73.578075,
          45.454665
        ]
      },
      "properties": {
        "name": "Mulberry",
        "species": "Morus alba",
        "tier": "snack",
        "notes": "Ripe near-black berries eat raw; unripe/white ones can upset the stomach.",
        "source": "montreal",
        "mtl": "https://donnees.montreal.ca/dataset/arbres",
        "where": "avenue  Desmarchais",
        "plant": "mulberry"
      }
    },
    {
      "type": "Feature",
      "id": "mtl308954",
      "geometry": {
        "type": "Point",
        "coordinates": [
          -73.586298,
          45.449705
        ]
      },
      "properties": {
        "name": "Black locust",
        "species": "Robinia pseudoacacia",
        "tier": "caution",
        "notes": "The flowers are edible (fritters); everything else — bark, leaves, pods, seeds — is TOXIC. Take only the blossoms, and be sure it's not a look-alike.",
        "source": "montreal",
        "mtl": "https://donnees.montreal.ca/dataset/arbres",
        "where": "boulevard  Champlain"
      }
    },
    {
      "type": "Feature",
      "id": "mtl308970",
      "geometry": {
        "type": "Point",
        "coordinates": [
          -73.582832,
          45.451854
        ]
      },
      "properties": {
        "name": "Honey locust",
        "species": "Gleditsia triacanthos 'Shademaster'",
        "tier": "caution",
        "notes": "Sweet pulp inside the long twisted pods is edible — but do NOT confuse it with the TOXIC Kentucky coffeetree (thick flat pods) or black locust. Honey locust has fine branching thorns and tiny leaflets.",
        "source": "montreal",
        "mtl": "https://donnees.montreal.ca/dataset/arbres",
        "where": "boulevard  Champlain",
        "planted": "2024"
      }
    },
    {
      "type": "Feature",
      "id": "mtl308980",
      "geometry": {
        "type": "Point",
        "coordinates": [
          -73.591722,
          45.444135
        ]
      },
      "properties": {
        "name": "Birch",
        "species": "Betula nigra 'Heritage'",
        "tier": "prep",
        "notes": "Tap the sap in early spring (boil down for birch syrup) and the aromatic inner bark/twigs for tea. A sap, not a snack.",
        "source": "montreal",
        "mtl": "https://donnees.montreal.ca/dataset/arbres",
        "where": "boulevard  Champlain",
        "planted": "2025"
      }
    },
    {
      "type": "Feature",
      "id": "mtl309014",
      "geometry": {
        "type": "Point",
        "coordinates": [
          -73.588788,
          45.447211
        ]
      },
      "properties": {
        "name": "Horse-chestnut",
        "species": "Aesculus glabra",
        "tier": "avoid",
        "notes": "TOXIC — the shiny conkers are NOT the edible sweet chestnut (Castanea, which the city doesn't plant here). Do not eat.",
        "source": "montreal",
        "mtl": "https://donnees.montreal.ca/dataset/arbres",
        "where": "boulevard  Champlain",
        "planted": "2024"
      }
    },
    {
      "type": "Feature",
      "id": "mtl309055",
      "geometry": {
        "type": "Point",
        "coordinates": [
          -73.579373,
          45.456674
        ]
      },
      "properties": {
        "name": "Oak (acorns)",
        "species": "Quercus rubra",
        "tier": "prep",
        "notes": "Gather sound acorns in fall; leach the ground meal in several changes of water to pull the tannins, then use as flour. White-oak group leaches easier.",
        "source": "montreal",
        "mtl": "https://donnees.montreal.ca/dataset/arbres",
        "where": "boulevard  Champlain"
      }
    },
    {
      "type": "Feature",
      "id": "mtl309092",
      "geometry": {
        "type": "Point",
        "coordinates": [
          -73.5532,
          45.461099
        ]
      },
      "properties": {
        "name": "Serviceberry",
        "species": "Amelanchier canadensis",
        "tier": "snack",
        "notes": "Sweet blueberry-like pomes in late June — eat raw off the branch before the birds strip them.",
        "source": "montreal",
        "mtl": "https://donnees.montreal.ca/dataset/arbres",
        "where": "boulevard  Marguerite-Bourgeoys",
        "planted": "2021",
        "plant": "serviceberry"
      }
    },
    {
      "type": "Feature",
      "id": "mtl309415",
      "geometry": {
        "type": "Point",
        "coordinates": [
          -73.549947,
          45.461263
        ]
      },
      "properties": {
        "name": "Linden",
        "species": "Tilia cordata",
        "tier": "snack",
        "notes": "Young heart-shaped leaves are a mild salad green in spring; the fragrant flowers make a calming tea.",
        "source": "montreal",
        "mtl": "https://donnees.montreal.ca/dataset/arbres",
        "where": "boulevard  Marguerite-Bourgeoys",
        "plant": "linden"
      }
    },
    {
      "type": "Feature",
      "id": "mtl309619",
      "geometry": {
        "type": "Point",
        "coordinates": [
          -73.541621,
          45.466345
        ]
      },
      "properties": {
        "name": "Ginkgo",
        "species": "Ginkgo biloba mâle",
        "tier": "caution",
        "notes": "Only female trees fruit; the fallen flesh reeks and blisters skin (handle with gloves). The inner nut is edible COOKED and in small amounts only — raw/excess is toxic. Most street ginkgos are fruitless male cultivars.",
        "source": "montreal",
        "mtl": "https://donnees.montreal.ca/dataset/arbres",
        "where": "boulevard  René-Lévesque",
        "planted": "2021"
      }
    },
    {
      "type": "Feature",
      "id": "mtl309623",
      "geometry": {
        "type": "Point",
        "coordinates": [
          -73.534831,
          45.468912
        ]
      },
      "properties": {
        "name": "Beech",
        "species": "Fagus grandifolia",
        "tier": "prep",
        "notes": "Beechnuts in fall are edible in small amounts raw, better roasted; the raw nut skin is mildly bitter/laxative in quantity.",
        "source": "montreal",
        "mtl": "https://donnees.montreal.ca/dataset/arbres",
        "where": "boulevard  René-Lévesque",
        "planted": "2021"
      }
    },
    {
      "type": "Feature",
      "id": "mtl309657",
      "geometry": {
        "type": "Point",
        "coordinates": [
          -73.541318,
          45.466569
        ]
      },
      "properties": {
        "name": "Hackberry",
        "species": "Celtis occidentalis",
        "tier": "snack",
        "notes": "Small orange-brown drupes in fall — thin sweet date-like flesh over a crunchable seed. Eat whole.",
        "source": "montreal",
        "mtl": "https://donnees.montreal.ca/dataset/arbres",
        "where": "boulevard  René-Lévesque",
        "planted": "2021"
      }
    },
    {
      "type": "Feature",
      "id": "mtl309749",
      "geometry": {
        "type": "Point",
        "coordinates": [
          -73.541766,
          45.466277
        ]
      },
      "properties": {
        "name": "Pear",
        "species": "Pyrus calleryana 'Glen's Form (Chantecleer)",
        "tier": "snack",
        "notes": "Most street pears are ornamental Callery — tiny hard fruit, only edible frost-softened. The odd 'Bartlett' is a real pear.",
        "source": "montreal",
        "mtl": "https://donnees.montreal.ca/dataset/arbres",
        "where": "boulevard  René-Lévesque",
        "planted": "2019"
      }
    },
    {
      "type": "Feature",
      "id": "mtl309863",
      "geometry": {
        "type": "Point",
        "coordinates": [
          -73.542241,
          45.466355
        ]
      },
      "properties": {
        "name": "Crabapple / apple",
        "species": "Malus",
        "tier": "snack",
        "notes": "Street crabapples — taste one; most are tart but good, cook the sour ones into jelly. The city plants dozens of cultivars.",
        "source": "montreal",
        "mtl": "https://donnees.montreal.ca/dataset/arbres",
        "where": "boulevard  René-Lévesque",
        "plant": "apple"
      }
    },
    {
      "type": "Feature",
      "id": "mtl309952",
      "geometry": {
        "type": "Point",
        "coordinates": [
          -73.535065,
          45.468833
        ]
      },
      "properties": {
        "name": "Hazelnut",
        "species": "Corylus colurna",
        "tier": "snack",
        "notes": "Filberts in late summer — crack and eat raw once the husks brown.",
        "source": "montreal",
        "mtl": "https://donnees.montreal.ca/dataset/arbres",
        "where": "boulevard  René-Lévesque"
      }
    },
    {
      "type": "Feature",
      "id": "mtl309972",
      "geometry": {
        "type": "Point",
        "coordinates": [
          -73.535474,
          45.468334
        ]
      },
      "properties": {
        "name": "Hazelnut",
        "species": "Corylus colurna",
        "tier": "snack",
        "notes": "Filberts in late summer — crack and eat raw once the husks brown.",
        "source": "montreal",
        "mtl": "https://donnees.montreal.ca/dataset/arbres",
        "where": "boulevard  René-Lévesque"
      }
    },
    {
      "type": "Feature",
      "id": "mtl310069",
      "geometry": {
        "type": "Point",
        "coordinates": [
          -73.562748,
          45.469776
        ]
      },
      "properties": {
        "name": "Walnut / butternut",
        "species": "Juglans nigra",
        "tier": "prep",
        "notes": "Husk and cure the nuts in fall — the husks stain everything, wear gloves. Butternut (J. cinerea) is milder than black walnut.",
        "source": "montreal",
        "mtl": "https://donnees.montreal.ca/dataset/arbres",
        "where": "boulevard Gaétan-Laberge",
        "planted": "2026"
      }
    },
    {
      "type": "Feature",
      "id": "mtl310312",
      "geometry": {
        "type": "Point",
        "coordinates": [
          -73.564599,
          45.455651
        ]
      },
      "properties": {
        "name": "Walnut / butternut",
        "species": "Juglans nigra",
        "tier": "prep",
        "notes": "Husk and cure the nuts in fall — the husks stain everything, wear gloves. Butternut (J. cinerea) is milder than black walnut.",
        "source": "montreal",
        "mtl": "https://donnees.montreal.ca/dataset/arbres",
        "where": "boulevard LaSalle",
        "planted": "2023"
      }
    },
    {
      "type": "Feature",
      "id": "mtl310329",
      "geometry": {
        "type": "Point",
        "coordinates": [
          -73.57037,
          45.448442
        ]
      },
      "properties": {
        "name": "Pear",
        "species": "Pyrus",
        "tier": "snack",
        "notes": "Most street pears are ornamental Callery — tiny hard fruit, only edible frost-softened. The odd 'Bartlett' is a real pear.",
        "source": "montreal",
        "mtl": "https://donnees.montreal.ca/dataset/arbres",
        "where": "boulevard LaSalle"
      }
    },
    {
      "type": "Feature",
      "id": "mtl310498",
      "geometry": {
        "type": "Point",
        "coordinates": [
          -73.56849,
          45.470897
        ]
      },
      "properties": {
        "name": "Kentucky coffeetree",
        "species": "Gymnocladus dioicus",
        "tier": "avoid",
        "notes": "TOXIC raw — the pulp and seeds in the thick flat pods contain cytisine. (Roasting was a historical workaround, but treat it as do-not-eat.) Learn it so you don't mistake it for honey locust.",
        "source": "montreal",
        "mtl": "https://donnees.montreal.ca/dataset/arbres",
        "where": "boulevard LaSalle",
        "planted": "2022"
      }
    },
    {
      "type": "Feature",
      "id": "mtl310507",
      "geometry": {
        "type": "Point",
        "coordinates": [
          -73.56753,
          45.469779
        ]
      },
      "properties": {
        "name": "Cherry / chokecherry",
        "species": "Prunus virginiana 'Schubert'",
        "tier": "prep",
        "notes": "Chokecherry & black cherry — cook the ripe fruit for jelly/syrup; astringent raw and the pits are cyanogenic. Never eat the pits.",
        "source": "montreal",
        "mtl": "https://donnees.montreal.ca/dataset/arbres",
        "where": "boulevard LaSalle"
      }
    },
    {
      "type": "Feature",
      "id": "mtl310530",
      "geometry": {
        "type": "Point",
        "coordinates": [
          -73.567717,
          45.452805
        ]
      },
      "properties": {
        "name": "Honey locust",
        "species": "Gleditsia triacanthos",
        "tier": "caution",
        "notes": "Sweet pulp inside the long twisted pods is edible — but do NOT confuse it with the TOXIC Kentucky coffeetree (thick flat pods) or black locust. Honey locust has fine branching thorns and tiny leaflets.",
        "source": "montreal",
        "mtl": "https://donnees.montreal.ca/dataset/arbres",
        "where": "boulevard LaSalle"
      }
    },
    {
      "type": "Feature",
      "id": "mtl310541",
      "geometry": {
        "type": "Point",
        "coordinates": [
          -73.54571,
          45.454328
        ]
      },
      "properties": {
        "name": "Walnut / butternut",
        "species": "Juglans nigra",
        "tier": "prep",
        "notes": "Husk and cure the nuts in fall — the husks stain everything, wear gloves. Butternut (J. cinerea) is milder than black walnut.",
        "source": "montreal",
        "mtl": "https://donnees.montreal.ca/dataset/arbres",
        "where": "boulevard de l' Île-des-Soeurs"
      }
    },
    {
      "type": "Feature",
      "id": "mtl310683",
      "geometry": {
        "type": "Point",
        "coordinates": [
          -73.546714,
          45.467437
        ]
      },
      "properties": {
        "name": "Birch",
        "species": "Betula pendula 'Gracilis'",
        "tier": "prep",
        "notes": "Tap the sap in early spring (boil down for birch syrup) and the aromatic inner bark/twigs for tea. A sap, not a snack.",
        "source": "montreal",
        "mtl": "https://donnees.montreal.ca/dataset/arbres",
        "where": "boulevard de l' Île-des-Soeurs"
      }
    },
    {
      "type": "Feature",
      "id": "mtl310697",
      "geometry": {
        "type": "Point",
        "coordinates": [
          -73.546175,
          45.454332
        ]
      },
      "properties": {
        "name": "Beech",
        "species": "Fagus",
        "tier": "prep",
        "notes": "Beechnuts in fall are edible in small amounts raw, better roasted; the raw nut skin is mildly bitter/laxative in quantity.",
        "source": "montreal",
        "mtl": "https://donnees.montreal.ca/dataset/arbres",
        "where": "boulevard de l' Île-des-Soeurs"
      }
    },
    {
      "type": "Feature",
      "id": "mtl310703",
      "geometry": {
        "type": "Point",
        "coordinates": [
          -73.546069,
          45.454419
        ]
      },
      "properties": {
        "name": "Serviceberry",
        "species": "Amelanchier canadensis",
        "tier": "snack",
        "notes": "Sweet blueberry-like pomes in late June — eat raw off the branch before the birds strip them.",
        "source": "montreal",
        "mtl": "https://donnees.montreal.ca/dataset/arbres",
        "where": "boulevard de l' Île-des-Soeurs",
        "planted": "2022",
        "plant": "serviceberry"
      }
    },
    {
      "type": "Feature",
      "id": "mtl310704",
      "geometry": {
        "type": "Point",
        "coordinates": [
          -73.546771,
          45.453817
        ]
      },
      "properties": {
        "name": "Hackberry",
        "species": "Celtis occidentalis",
        "tier": "snack",
        "notes": "Small orange-brown drupes in fall — thin sweet date-like flesh over a crunchable seed. Eat whole.",
        "source": "montreal",
        "mtl": "https://donnees.montreal.ca/dataset/arbres",
        "where": "boulevard de l' Île-des-Soeurs"
      }
    },
    {
      "type": "Feature",
      "id": "mtl310709",
      "geometry": {
        "type": "Point",
        "coordinates": [
          -73.543679,
          45.458537
        ]
      },
      "properties": {
        "name": "Walnut / butternut",
        "species": "Juglans nigra",
        "tier": "prep",
        "notes": "Husk and cure the nuts in fall — the husks stain everything, wear gloves. Butternut (J. cinerea) is milder than black walnut.",
        "source": "montreal",
        "mtl": "https://donnees.montreal.ca/dataset/arbres",
        "where": "boulevard de l' Île-des-Soeurs",
        "planted": "2022"
      }
    },
    {
      "type": "Feature",
      "id": "mtl310757",
      "geometry": {
        "type": "Point",
        "coordinates": [
          -73.545599,
          45.463013
        ]
      },
      "properties": {
        "name": "Horse-chestnut",
        "species": "Aesculus hippocastanum 'Baumanii'",
        "tier": "avoid",
        "notes": "TOXIC — the shiny conkers are NOT the edible sweet chestnut (Castanea, which the city doesn't plant here). Do not eat.",
        "source": "montreal",
        "mtl": "https://donnees.montreal.ca/dataset/arbres",
        "where": "boulevard de l' Île-des-Soeurs",
        "planted": "2020"
      }
    },
    {
      "type": "Feature",
      "id": "mtl310824",
      "geometry": {
        "type": "Point",
        "coordinates": [
          -73.546271,
          45.46201
        ]
      },
      "properties": {
        "name": "Hickory",
        "species": "Carya cordiformis",
        "tier": "prep",
        "notes": "Shagbark (C. ovata) nuts are sweet — crack and pick; bitternut (C. cordiformis) is too bitter to bother. Bark makes a syrup.",
        "source": "montreal",
        "mtl": "https://donnees.montreal.ca/dataset/arbres",
        "where": "boulevard de l' Île-des-Soeurs",
        "planted": "2021"
      }
    },
    {
      "type": "Feature",
      "id": "mtl310879",
      "geometry": {
        "type": "Point",
        "coordinates": [
          -73.543061,
          45.457976
        ]
      },
      "properties": {
        "name": "Oak (acorns)",
        "species": "Quercus bicolor",
        "tier": "prep",
        "notes": "Gather sound acorns in fall; leach the ground meal in several changes of water to pull the tannins, then use as flour. White-oak group leaches easier.",
        "source": "montreal",
        "mtl": "https://donnees.montreal.ca/dataset/arbres",
        "where": "boulevard de l' Île-des-Soeurs",
        "planted": "2022"
      }
    },
    {
      "type": "Feature",
      "id": "mtl310991",
      "geometry": {
        "type": "Point",
        "coordinates": [
          -73.545419,
          45.460081
        ]
      },
      "properties": {
        "name": "Hazelnut",
        "species": "Corylus colurna",
        "tier": "snack",
        "notes": "Filberts in late summer — crack and eat raw once the husks brown.",
        "source": "montreal",
        "mtl": "https://donnees.montreal.ca/dataset/arbres",
        "where": "boulevard de l' Île-des-Soeurs",
        "planted": "2019"
      }
    },
    {
      "type": "Feature",
      "id": "mtl310993",
      "geometry": {
        "type": "Point",
        "coordinates": [
          -73.545217,
          45.459951
        ]
      },
      "properties": {
        "name": "Hackberry",
        "species": "Celtis occidentalis",
        "tier": "snack",
        "notes": "Small orange-brown drupes in fall — thin sweet date-like flesh over a crunchable seed. Eat whole.",
        "source": "montreal",
        "mtl": "https://donnees.montreal.ca/dataset/arbres",
        "where": "boulevard de l' Île-des-Soeurs"
      }
    },
    {
      "type": "Feature",
      "id": "mtl311021",
      "geometry": {
        "type": "Point",
        "coordinates": [
          -73.54292,
          45.457791
        ]
      },
      "properties": {
        "name": "Pear",
        "species": "Pyrus calleryana 'Glen's Form (Chantecleer)",
        "tier": "snack",
        "notes": "Most street pears are ornamental Callery — tiny hard fruit, only edible frost-softened. The odd 'Bartlett' is a real pear.",
        "source": "montreal",
        "mtl": "https://donnees.montreal.ca/dataset/arbres",
        "where": "boulevard de l' Île-des-Soeurs"
      }
    },
    {
      "type": "Feature",
      "id": "mtl311076",
      "geometry": {
        "type": "Point",
        "coordinates": [
          -73.545643,
          45.466565
        ]
      },
      "properties": {
        "name": "Ginkgo",
        "species": "Ginkgo biloba",
        "tier": "caution",
        "notes": "Only female trees fruit; the fallen flesh reeks and blisters skin (handle with gloves). The inner nut is edible COOKED and in small amounts only — raw/excess is toxic. Most street ginkgos are fruitless male cultivars.",
        "source": "montreal",
        "mtl": "https://donnees.montreal.ca/dataset/arbres",
        "where": "boulevard de l' Île-des-Soeurs"
      }
    },
    {
      "type": "Feature",
      "id": "mtl311112",
      "geometry": {
        "type": "Point",
        "coordinates": [
          -73.545707,
          45.467806
        ]
      },
      "properties": {
        "name": "Beech",
        "species": "Fagus grandifolia",
        "tier": "prep",
        "notes": "Beechnuts in fall are edible in small amounts raw, better roasted; the raw nut skin is mildly bitter/laxative in quantity.",
        "source": "montreal",
        "mtl": "https://donnees.montreal.ca/dataset/arbres",
        "where": "boulevard de l' Île-des-Soeurs"
      }
    },
    {
      "type": "Feature",
      "id": "mtl311188",
      "geometry": {
        "type": "Point",
        "coordinates": [
          -73.545074,
          45.465974
        ]
      },
      "properties": {
        "name": "Birch",
        "species": "Betula alleghaniensis",
        "tier": "prep",
        "notes": "Tap the sap in early spring (boil down for birch syrup) and the aromatic inner bark/twigs for tea. A sap, not a snack.",
        "source": "montreal",
        "mtl": "https://donnees.montreal.ca/dataset/arbres",
        "where": "boulevard de l' Île-des-Soeurs"
      }
    },
    {
      "type": "Feature",
      "id": "mtl311549",
      "geometry": {
        "type": "Point",
        "coordinates": [
          -73.546668,
          45.468312
        ]
      },
      "properties": {
        "name": "Sugar maple",
        "species": "Acer saccharum",
        "tier": "prep",
        "notes": "Tap in the Feb–Mar freeze/thaw and boil the sap to syrup — ~40:1. Needs a spile, bucket, and a lot of firewood.",
        "source": "montreal",
        "mtl": "https://donnees.montreal.ca/dataset/arbres",
        "where": "boulevard de l' Île-des-Soeurs"
      }
    },
    {
      "type": "Feature",
      "id": "mtl311585",
      "geometry": {
        "type": "Point",
        "coordinates": [
          -73.545005,
          45.465632
        ]
      },
      "properties": {
        "name": "Serviceberry",
        "species": "Amelanchier canadensis",
        "tier": "snack",
        "notes": "Sweet blueberry-like pomes in late June — eat raw off the branch before the birds strip them.",
        "source": "montreal",
        "mtl": "https://donnees.montreal.ca/dataset/arbres",
        "where": "boulevard de l' Île-des-Soeurs",
        "plant": "serviceberry"
      }
    },
    {
      "type": "Feature",
      "id": "mtl311612",
      "geometry": {
        "type": "Point",
        "coordinates": [
          -73.546569,
          45.468208
        ]
      },
      "properties": {
        "name": "Linden",
        "species": "Tilia cordata",
        "tier": "snack",
        "notes": "Young heart-shaped leaves are a mild salad green in spring; the fragrant flowers make a calming tea.",
        "source": "montreal",
        "mtl": "https://donnees.montreal.ca/dataset/arbres",
        "where": "boulevard de l' Île-des-Soeurs",
        "plant": "linden"
      }
    },
    {
      "type": "Feature",
      "id": "mtl311753",
      "geometry": {
        "type": "Point",
        "coordinates": [
          -73.553449,
          45.45858
        ]
      },
      "properties": {
        "name": "Walnut / butternut",
        "species": "Juglans nigra",
        "tier": "prep",
        "notes": "Husk and cure the nuts in fall — the husks stain everything, wear gloves. Butternut (J. cinerea) is milder than black walnut.",
        "source": "montreal",
        "mtl": "https://donnees.montreal.ca/dataset/arbres",
        "where": "boulevard de la Forêt"
      }
    },
    {
      "type": "Feature",
      "id": "mtl311817",
      "geometry": {
        "type": "Point",
        "coordinates": [
          -73.55185,
          45.460248
        ]
      },
      "properties": {
        "name": "Serviceberry",
        "species": "Amelanchier canadensis",
        "tier": "snack",
        "notes": "Sweet blueberry-like pomes in late June — eat raw off the branch before the birds strip them.",
        "source": "montreal",
        "mtl": "https://donnees.montreal.ca/dataset/arbres",
        "where": "boulevard de la Forêt",
        "plant": "serviceberry"
      }
    },
    {
      "type": "Feature",
      "id": "mtl311920",
      "geometry": {
        "type": "Point",
        "coordinates": [
          -73.549408,
          45.464232
        ]
      },
      "properties": {
        "name": "Cherry / chokecherry",
        "species": "Prunus virginiana",
        "tier": "prep",
        "notes": "Chokecherry & black cherry — cook the ripe fruit for jelly/syrup; astringent raw and the pits are cyanogenic. Never eat the pits.",
        "source": "montreal",
        "mtl": "https://donnees.montreal.ca/dataset/arbres",
        "where": "chemin  Marie-Le Ber"
      }
    },
    {
      "type": "Feature",
      "id": "mtl312031",
      "geometry": {
        "type": "Point",
        "coordinates": [
          -73.552822,
          45.448935
        ]
      },
      "properties": {
        "name": "Walnut / butternut",
        "species": "Juglans nigra",
        "tier": "prep",
        "notes": "Husk and cure the nuts in fall — the husks stain everything, wear gloves. Butternut (J. cinerea) is milder than black walnut.",
        "source": "montreal",
        "mtl": "https://donnees.montreal.ca/dataset/arbres",
        "where": "chemin de la Pointe-Sud",
        "planted": "2022"
      }
    },
    {
      "type": "Feature",
      "id": "mtl312048",
      "geometry": {
        "type": "Point",
        "coordinates": [
          -73.549415,
          45.451148
        ]
      },
      "properties": {
        "name": "Hickory",
        "species": "Carya cordiformis",
        "tier": "prep",
        "notes": "Shagbark (C. ovata) nuts are sweet — crack and pick; bitternut (C. cordiformis) is too bitter to bother. Bark makes a syrup.",
        "source": "montreal",
        "mtl": "https://donnees.montreal.ca/dataset/arbres",
        "where": "chemin de la Pointe-Sud",
        "planted": "2021"
      }
    },
    {
      "type": "Feature",
      "id": "mtl312134",
      "geometry": {
        "type": "Point",
        "coordinates": [
          -73.553229,
          45.448937
        ]
      },
      "properties": {
        "name": "Ginkgo",
        "species": "Ginkgo biloba 'Autumn Gold'",
        "tier": "caution",
        "notes": "Only female trees fruit; the fallen flesh reeks and blisters skin (handle with gloves). The inner nut is edible COOKED and in small amounts only — raw/excess is toxic. Most street ginkgos are fruitless male cultivars.",
        "source": "montreal",
        "mtl": "https://donnees.montreal.ca/dataset/arbres",
        "where": "chemin de la Pointe-Sud",
        "planted": "2024"
      }
    },
    {
      "type": "Feature",
      "id": "mtl312139",
      "geometry": {
        "type": "Point",
        "coordinates": [
          -73.548813,
          45.452385
        ]
      },
      "properties": {
        "name": "Staghorn sumac",
        "species": "Rhus typhina",
        "tier": "snack",
        "notes": "Steep the fuzzy red drupe cones in cold water for pink lemonade.",
        "source": "montreal",
        "mtl": "https://donnees.montreal.ca/dataset/arbres",
        "where": "chemin de la Pointe-Sud",
        "plant": "staghorn-sumac"
      }
    },
    {
      "type": "Feature",
      "id": "mtl312159",
      "geometry": {
        "type": "Point",
        "coordinates": [
          -73.548684,
          45.452493
        ]
      },
      "properties": {
        "name": "Rowan",
        "species": "Sorbus",
        "tier": "prep",
        "notes": "Cook the orange berries into a tart jelly after frost — raw they're astringent and mildly upsetting.",
        "source": "montreal",
        "mtl": "https://donnees.montreal.ca/dataset/arbres",
        "where": "chemin de la Pointe-Sud"
      }
    },
    {
      "type": "Feature",
      "id": "mtl312309",
      "geometry": {
        "type": "Point",
        "coordinates": [
          -73.549632,
          45.450524
        ]
      },
      "properties": {
        "name": "Crabapple / apple",
        "species": "Malus",
        "tier": "snack",
        "notes": "Street crabapples — taste one; most are tart but good, cook the sour ones into jelly. The city plants dozens of cultivars.",
        "source": "montreal",
        "mtl": "https://donnees.montreal.ca/dataset/arbres",
        "where": "chemin de la Pointe-Sud",
        "plant": "apple"
      }
    },
    {
      "type": "Feature",
      "id": "mtl312343",
      "geometry": {
        "type": "Point",
        "coordinates": [
          -73.555012,
          45.459598
        ]
      },
      "properties": {
        "name": "Hackberry",
        "species": "Celtis occidentalis",
        "tier": "snack",
        "notes": "Small orange-brown drupes in fall — thin sweet date-like flesh over a crunchable seed. Eat whole.",
        "source": "montreal",
        "mtl": "https://donnees.montreal.ca/dataset/arbres",
        "where": "chemin du Club-Marin",
        "planted": "2020"
      }
    },
    {
      "type": "Feature",
      "id": "mtl312344",
      "geometry": {
        "type": "Point",
        "coordinates": [
          -73.555019,
          45.459734
        ]
      },
      "properties": {
        "name": "Linden",
        "species": "Tilia americana",
        "tier": "snack",
        "notes": "Young heart-shaped leaves are a mild salad green in spring; the fragrant flowers make a calming tea.",
        "source": "montreal",
        "mtl": "https://donnees.montreal.ca/dataset/arbres",
        "where": "chemin du Club-Marin",
        "planted": "2020",
        "plant": "linden"
      }
    },
    {
      "type": "Feature",
      "id": "mtl312421",
      "geometry": {
        "type": "Point",
        "coordinates": [
          -73.548333,
          45.467222
        ]
      },
      "properties": {
        "name": "Serviceberry",
        "species": "Amelanchier laevis",
        "tier": "snack",
        "notes": "Sweet blueberry-like pomes in late June — eat raw off the branch before the birds strip them.",
        "source": "montreal",
        "mtl": "https://donnees.montreal.ca/dataset/arbres",
        "where": "chemin du Golf",
        "planted": "2024",
        "plant": "serviceberry"
      }
    },
    {
      "type": "Feature",
      "id": "mtl312456",
      "geometry": {
        "type": "Point",
        "coordinates": [
          -73.552787,
          45.465995
        ]
      },
      "properties": {
        "name": "Hickory",
        "species": "Carya ovata",
        "tier": "prep",
        "notes": "Shagbark (C. ovata) nuts are sweet — crack and pick; bitternut (C. cordiformis) is too bitter to bother. Bark makes a syrup.",
        "source": "montreal",
        "mtl": "https://donnees.montreal.ca/dataset/arbres",
        "where": "chemin du Golf",
        "planted": "2021"
      }
    },
    {
      "type": "Feature",
      "id": "mtl312464",
      "geometry": {
        "type": "Point",
        "coordinates": [
          -73.55445,
          45.461434
        ]
      },
      "properties": {
        "name": "Beech",
        "species": "Fagus grandifolia",
        "tier": "prep",
        "notes": "Beechnuts in fall are edible in small amounts raw, better roasted; the raw nut skin is mildly bitter/laxative in quantity.",
        "source": "montreal",
        "mtl": "https://donnees.montreal.ca/dataset/arbres",
        "where": "chemin du Golf",
        "planted": "2022"
      }
    },
    {
      "type": "Feature",
      "id": "mtl312670",
      "geometry": {
        "type": "Point",
        "coordinates": [
          -73.552046,
          45.465964
        ]
      },
      "properties": {
        "name": "Honey locust",
        "species": "Gleditsia triacanthos 'Shademaster'",
        "tier": "caution",
        "notes": "Sweet pulp inside the long twisted pods is edible — but do NOT confuse it with the TOXIC Kentucky coffeetree (thick flat pods) or black locust. Honey locust has fine branching thorns and tiny leaflets.",
        "source": "montreal",
        "mtl": "https://donnees.montreal.ca/dataset/arbres",
        "where": "chemin du Golf",
        "planted": "2021"
      }
    },
    {
      "type": "Feature",
      "id": "mtl312933",
      "geometry": {
        "type": "Point",
        "coordinates": [
          -73.542002,
          45.467943
        ]
      },
      "properties": {
        "name": "Kentucky coffeetree",
        "species": "Gymnocladus dioicus 'Espresso'",
        "tier": "avoid",
        "notes": "TOXIC raw — the pulp and seeds in the thick flat pods contain cytisine. (Roasting was a historical workaround, but treat it as do-not-eat.) Learn it so you don't mistake it for honey locust.",
        "source": "montreal",
        "mtl": "https://donnees.montreal.ca/dataset/arbres",
        "where": "place du Commerce",
        "planted": "2020"
      }
    },
    {
      "type": "Feature",
      "id": "mtl312943",
      "geometry": {
        "type": "Point",
        "coordinates": [
          -73.543384,
          45.467762
        ]
      },
      "properties": {
        "name": "Hackberry",
        "species": "Celtis occidentalis",
        "tier": "snack",
        "notes": "Small orange-brown drupes in fall — thin sweet date-like flesh over a crunchable seed. Eat whole.",
        "source": "montreal",
        "mtl": "https://donnees.montreal.ca/dataset/arbres",
        "where": "place du Commerce",
        "planted": "2023"
      }
    },
    {
      "type": "Feature",
      "id": "mtl313162",
      "geometry": {
        "type": "Point",
        "coordinates": [
          -73.57698,
          45.446206
        ]
      },
      "properties": {
        "name": "Crabapple / apple",
        "species": "Malus baccata",
        "tier": "snack",
        "notes": "Street crabapples — taste one; most are tart but good, cook the sour ones into jelly. The city plants dozens of cultivars.",
        "source": "montreal",
        "mtl": "https://donnees.montreal.ca/dataset/arbres",
        "where": "rue  Allard",
        "plant": "apple"
      }
    },
    {
      "type": "Feature",
      "id": "mtl313268",
      "geometry": {
        "type": "Point",
        "coordinates": [
          -73.570985,
          45.452968
        ]
      },
      "properties": {
        "name": "Oak (acorns)",
        "species": "Quercus palustris",
        "tier": "prep",
        "notes": "Gather sound acorns in fall; leach the ground meal in several changes of water to pull the tannins, then use as flour. White-oak group leaches easier.",
        "source": "montreal",
        "mtl": "https://donnees.montreal.ca/dataset/arbres",
        "where": "rue  Argyle"
      }
    },
    {
      "type": "Feature",
      "id": "mtl313350",
      "geometry": {
        "type": "Point",
        "coordinates": [
          -73.576049,
          45.460122
        ]
      },
      "properties": {
        "name": "Honey locust",
        "species": "Gleditsia triacanthos",
        "tier": "caution",
        "notes": "Sweet pulp inside the long twisted pods is edible — but do NOT confuse it with the TOXIC Kentucky coffeetree (thick flat pods) or black locust. Honey locust has fine branching thorns and tiny leaflets.",
        "source": "montreal",
        "mtl": "https://donnees.montreal.ca/dataset/arbres",
        "where": "rue  Bannantyne"
      }
    },
    {
      "type": "Feature",
      "id": "mtl313389",
      "geometry": {
        "type": "Point",
        "coordinates": [
          -73.576656,
          45.454085
        ]
      },
      "properties": {
        "name": "Oak (acorns)",
        "species": "Quercus robur 'Fastigiata'",
        "tier": "prep",
        "notes": "Gather sound acorns in fall; leach the ground meal in several changes of water to pull the tannins, then use as flour. White-oak group leaches easier.",
        "source": "montreal",
        "mtl": "https://donnees.montreal.ca/dataset/arbres",
        "where": "rue  Bannantyne"
      }
    },
    {
      "type": "Feature",
      "id": "mtl313422",
      "geometry": {
        "type": "Point",
        "coordinates": [
          -73.577039,
          45.44939
        ]
      },
      "properties": {
        "name": "Walnut / butternut",
        "species": "Juglans nigra",
        "tier": "prep",
        "notes": "Husk and cure the nuts in fall — the husks stain everything, wear gloves. Butternut (J. cinerea) is milder than black walnut.",
        "source": "montreal",
        "mtl": "https://donnees.montreal.ca/dataset/arbres",
        "where": "rue  Bannantyne"
      }
    },
    {
      "type": "Feature",
      "id": "mtl313429",
      "geometry": {
        "type": "Point",
        "coordinates": [
          -73.577177,
          45.44802
        ]
      },
      "properties": {
        "name": "Honey locust",
        "species": "Gleditsia triacanthos",
        "tier": "caution",
        "notes": "Sweet pulp inside the long twisted pods is edible — but do NOT confuse it with the TOXIC Kentucky coffeetree (thick flat pods) or black locust. Honey locust has fine branching thorns and tiny leaflets.",
        "source": "montreal",
        "mtl": "https://donnees.montreal.ca/dataset/arbres",
        "where": "rue  Bannantyne"
      }
    },
    {
      "type": "Feature",
      "id": "mtl313439",
      "geometry": {
        "type": "Point",
        "coordinates": [
          -73.577416,
          45.445318
        ]
      },
      "properties": {
        "name": "Ginkgo",
        "species": "Ginkgo biloba 'Princeton Sentry'",
        "tier": "caution",
        "notes": "Only female trees fruit; the fallen flesh reeks and blisters skin (handle with gloves). The inner nut is edible COOKED and in small amounts only — raw/excess is toxic. Most street ginkgos are fruitless male cultivars.",
        "source": "montreal",
        "mtl": "https://donnees.montreal.ca/dataset/arbres",
        "where": "rue  Bannantyne",
        "planted": "2018"
      }
    },
    {
      "type": "Feature",
      "id": "mtl313443",
      "geometry": {
        "type": "Point",
        "coordinates": [
          -73.577813,
          45.444282
        ]
      },
      "properties": {
        "name": "Black locust",
        "species": "Robinia pseudoacacia",
        "tier": "caution",
        "notes": "The flowers are edible (fritters); everything else — bark, leaves, pods, seeds — is TOXIC. Take only the blossoms, and be sure it's not a look-alike.",
        "source": "montreal",
        "mtl": "https://donnees.montreal.ca/dataset/arbres",
        "where": "rue  Bannantyne"
      }
    },
    {
      "type": "Feature",
      "id": "mtl313473",
      "geometry": {
        "type": "Point",
        "coordinates": [
          -73.576262,
          45.455584
        ]
      },
      "properties": {
        "name": "Linden",
        "species": "Tilia cordata",
        "tier": "snack",
        "notes": "Young heart-shaped leaves are a mild salad green in spring; the fragrant flowers make a calming tea.",
        "source": "montreal",
        "mtl": "https://donnees.montreal.ca/dataset/arbres",
        "where": "rue  Bannantyne",
        "plant": "linden"
      }
    },
    {
      "type": "Feature",
      "id": "mtl313486",
      "geometry": {
        "type": "Point",
        "coordinates": [
          -73.576269,
          45.454066
        ]
      },
      "properties": {
        "name": "Birch",
        "species": "Betula papyrifera",
        "tier": "prep",
        "notes": "Tap the sap in early spring (boil down for birch syrup) and the aromatic inner bark/twigs for tea. A sap, not a snack.",
        "source": "montreal",
        "mtl": "https://donnees.montreal.ca/dataset/arbres",
        "where": "rue  Bannantyne"
      }
    },
    {
      "type": "Feature",
      "id": "mtl313528",
      "geometry": {
        "type": "Point",
        "coordinates": [
          -73.577249,
          45.444664
        ]
      },
      "properties": {
        "name": "Rowan",
        "species": "Sorbus aucuparia",
        "tier": "prep",
        "notes": "Cook the orange berries into a tart jelly after frost — raw they're astringent and mildly upsetting.",
        "source": "montreal",
        "mtl": "https://donnees.montreal.ca/dataset/arbres",
        "where": "rue  Bannantyne"
      }
    },
    {
      "type": "Feature",
      "id": "mtl313570",
      "geometry": {
        "type": "Point",
        "coordinates": [
          -73.575809,
          45.450955
        ]
      },
      "properties": {
        "name": "Rowan",
        "species": "Sorbus aucuparia",
        "tier": "prep",
        "notes": "Cook the orange berries into a tart jelly after frost — raw they're astringent and mildly upsetting.",
        "source": "montreal",
        "mtl": "https://donnees.montreal.ca/dataset/arbres",
        "where": "rue  Beatty"
      }
    },
    {
      "type": "Feature",
      "id": "mtl313592",
      "geometry": {
        "type": "Point",
        "coordinates": [
          -73.581539,
          45.451204
        ]
      },
      "properties": {
        "name": "Sugar maple",
        "species": "Acer saccharum",
        "tier": "prep",
        "notes": "Tap in the Feb–Mar freeze/thaw and boil the sap to syrup — ~40:1. Needs a spile, bucket, and a lot of firewood.",
        "source": "montreal",
        "mtl": "https://donnees.montreal.ca/dataset/arbres",
        "where": "rue  Beatty"
      }
    },
    {
      "type": "Feature",
      "id": "mtl313600",
      "geometry": {
        "type": "Point",
        "coordinates": [
          -73.568682,
          45.450528
        ]
      },
      "properties": {
        "name": "Ginkgo",
        "species": "Ginkgo biloba mâle",
        "tier": "caution",
        "notes": "Only female trees fruit; the fallen flesh reeks and blisters skin (handle with gloves). The inner nut is edible COOKED and in small amounts only — raw/excess is toxic. Most street ginkgos are fruitless male cultivars.",
        "source": "montreal",
        "mtl": "https://donnees.montreal.ca/dataset/arbres",
        "where": "rue  Beatty",
        "planted": "2022"
      }
    },
    {
      "type": "Feature",
      "id": "mtl313649",
      "geometry": {
        "type": "Point",
        "coordinates": [
          -73.576405,
          45.45084
        ]
      },
      "properties": {
        "name": "Horse-chestnut",
        "species": "Aesculus hippocastanum 'Baumanii'",
        "tier": "avoid",
        "notes": "TOXIC — the shiny conkers are NOT the edible sweet chestnut (Castanea, which the city doesn't plant here). Do not eat.",
        "source": "montreal",
        "mtl": "https://donnees.montreal.ca/dataset/arbres",
        "where": "rue  Beatty",
        "planted": "2024"
      }
    },
    {
      "type": "Feature",
      "id": "mtl313672",
      "geometry": {
        "type": "Point",
        "coordinates": [
          -73.581408,
          45.451051
        ]
      },
      "properties": {
        "name": "Cherry / chokecherry",
        "species": "Prunus",
        "tier": "prep",
        "notes": "Chokecherry & black cherry — cook the ripe fruit for jelly/syrup; astringent raw and the pits are cyanogenic. Never eat the pits.",
        "source": "montreal",
        "mtl": "https://donnees.montreal.ca/dataset/arbres",
        "where": "rue  Beatty",
        "planted": "2020"
      }
    },
    {
      "type": "Feature",
      "id": "mtl313678",
      "geometry": {
        "type": "Point",
        "coordinates": [
          -73.582563,
          45.451095
        ]
      },
      "properties": {
        "name": "Serviceberry",
        "species": "Amelanchier laevis",
        "tier": "snack",
        "notes": "Sweet blueberry-like pomes in late June — eat raw off the branch before the birds strip them.",
        "source": "montreal",
        "mtl": "https://donnees.montreal.ca/dataset/arbres",
        "where": "rue  Beatty",
        "planted": "2021",
        "plant": "serviceberry"
      }
    },
    {
      "type": "Feature",
      "id": "mtl313733",
      "geometry": {
        "type": "Point",
        "coordinates": [
          -73.543141,
          45.460825
        ]
      },
      "properties": {
        "name": "Kentucky coffeetree",
        "species": "Gymnocladus dioicus",
        "tier": "avoid",
        "notes": "TOXIC raw — the pulp and seeds in the thick flat pods contain cytisine. (Roasting was a historical workaround, but treat it as do-not-eat.) Learn it so you don't mistake it for honey locust.",
        "source": "montreal",
        "mtl": "https://donnees.montreal.ca/dataset/arbres",
        "where": "rue  Berlioz",
        "planted": "2021"
      }
    },
    {
      "type": "Feature",
      "id": "mtl313755",
      "geometry": {
        "type": "Point",
        "coordinates": [
          -73.544925,
          45.460047
        ]
      },
      "properties": {
        "name": "Walnut / butternut",
        "species": "Juglans nigra",
        "tier": "prep",
        "notes": "Husk and cure the nuts in fall — the husks stain everything, wear gloves. Butternut (J. cinerea) is milder than black walnut.",
        "source": "montreal",
        "mtl": "https://donnees.montreal.ca/dataset/arbres",
        "where": "rue  Berlioz",
        "planted": "2022"
      }
    },
    {
      "type": "Feature",
      "id": "mtl313806",
      "geometry": {
        "type": "Point",
        "coordinates": [
          -73.540664,
          45.464272
        ]
      },
      "properties": {
        "name": "Crabapple / apple",
        "species": "Malus",
        "tier": "snack",
        "notes": "Street crabapples — taste one; most are tart but good, cook the sour ones into jelly. The city plants dozens of cultivars.",
        "source": "montreal",
        "mtl": "https://donnees.montreal.ca/dataset/arbres",
        "where": "rue  Berlioz",
        "plant": "apple"
      }
    },
    {
      "type": "Feature",
      "id": "mtl313849",
      "geometry": {
        "type": "Point",
        "coordinates": [
          -73.54322,
          45.4603
        ]
      },
      "properties": {
        "name": "Horse-chestnut",
        "species": "Aesculus hippocastanum 'Baumanii'",
        "tier": "avoid",
        "notes": "TOXIC — the shiny conkers are NOT the edible sweet chestnut (Castanea, which the city doesn't plant here). Do not eat.",
        "source": "montreal",
        "mtl": "https://donnees.montreal.ca/dataset/arbres",
        "where": "rue  Berlioz",
        "planted": "2025"
      }
    },
    {
      "type": "Feature",
      "id": "mtl313932",
      "geometry": {
        "type": "Point",
        "coordinates": [
          -73.582888,
          45.450322
        ]
      },
      "properties": {
        "name": "Hackberry",
        "species": "Celtis occidentalis",
        "tier": "snack",
        "notes": "Small orange-brown drupes in fall — thin sweet date-like flesh over a crunchable seed. Eat whole.",
        "source": "montreal",
        "mtl": "https://donnees.montreal.ca/dataset/arbres",
        "where": "rue  Beurling",
        "planted": "2018"
      }
    },
    {
      "type": "Feature",
      "id": "mtl313962",
      "geometry": {
        "type": "Point",
        "coordinates": [
          -73.583707,
          45.447764
        ]
      },
      "properties": {
        "name": "Cherry / chokecherry",
        "species": "Prunus",
        "tier": "prep",
        "notes": "Chokecherry & black cherry — cook the ripe fruit for jelly/syrup; astringent raw and the pits are cyanogenic. Never eat the pits.",
        "source": "montreal",
        "mtl": "https://donnees.montreal.ca/dataset/arbres",
        "where": "rue  Beurling"
      }
    },
    {
      "type": "Feature",
      "id": "mtl313972",
      "geometry": {
        "type": "Point",
        "coordinates": [
          -73.583982,
          45.446842
        ]
      },
      "properties": {
        "name": "Pear",
        "species": "Pyrus",
        "tier": "snack",
        "notes": "Most street pears are ornamental Callery — tiny hard fruit, only edible frost-softened. The odd 'Bartlett' is a real pear.",
        "source": "montreal",
        "mtl": "https://donnees.montreal.ca/dataset/arbres",
        "where": "rue  Beurling"
      }
    },
    {
      "type": "Feature",
      "id": "mtl314062",
      "geometry": {
        "type": "Point",
        "coordinates": [
          -73.575831,
          45.448007
        ]
      },
      "properties": {
        "name": "Hawthorn",
        "species": "Crataegus",
        "tier": "snack",
        "notes": "Red haws off the tree in fall — nibble the thin flesh, spit the seeds (never chew them).",
        "source": "montreal",
        "mtl": "https://donnees.montreal.ca/dataset/arbres",
        "where": "rue  Brault"
      }
    },
    {
      "type": "Feature",
      "id": "mtl314112",
      "geometry": {
        "type": "Point",
        "coordinates": [
          -73.57341,
          45.464956
        ]
      },
      "properties": {
        "name": "Serviceberry",
        "species": "Amelanchier canadensis",
        "tier": "snack",
        "notes": "Sweet blueberry-like pomes in late June — eat raw off the branch before the birds strip them.",
        "source": "montreal",
        "mtl": "https://donnees.montreal.ca/dataset/arbres",
        "where": "rue  Claude",
        "plant": "serviceberry"
      }
    },
    {
      "type": "Feature",
      "id": "mtl314199",
      "geometry": {
        "type": "Point",
        "coordinates": [
          -73.57761,
          45.464875
        ]
      },
      "properties": {
        "name": "Cherry / chokecherry",
        "species": "Prunus",
        "tier": "prep",
        "notes": "Chokecherry & black cherry — cook the ripe fruit for jelly/syrup; astringent raw and the pits are cyanogenic. Never eat the pits.",
        "source": "montreal",
        "mtl": "https://donnees.montreal.ca/dataset/arbres",
        "where": "rue  Cool"
      }
    },
    {
      "type": "Feature",
      "id": "mtl314279",
      "geometry": {
        "type": "Point",
        "coordinates": [
          -73.541008,
          45.458935
        ]
      },
      "properties": {
        "name": "Linden",
        "species": "Tilia cordata",
        "tier": "snack",
        "notes": "Young heart-shaped leaves are a mild salad green in spring; the fragrant flowers make a calming tea.",
        "source": "montreal",
        "mtl": "https://donnees.montreal.ca/dataset/arbres",
        "where": "rue  Corot",
        "plant": "linden"
      }
    },
    {
      "type": "Feature",
      "id": "mtl314294",
      "geometry": {
        "type": "Point",
        "coordinates": [
          -73.540719,
          45.459605
        ]
      },
      "properties": {
        "name": "Hawthorn",
        "species": "Crataegus",
        "tier": "snack",
        "notes": "Red haws off the tree in fall — nibble the thin flesh, spit the seeds (never chew them).",
        "source": "montreal",
        "mtl": "https://donnees.montreal.ca/dataset/arbres",
        "where": "rue  Corot"
      }
    },
    {
      "type": "Feature",
      "id": "mtl314455",
      "geometry": {
        "type": "Point",
        "coordinates": [
          -73.553808,
          45.462371
        ]
      },
      "properties": {
        "name": "Staghorn sumac",
        "species": "Rhus typhina",
        "tier": "snack",
        "notes": "Steep the fuzzy red drupe cones in cold water for pink lemonade.",
        "source": "montreal",
        "mtl": "https://donnees.montreal.ca/dataset/arbres",
        "where": "rue  De La Noue",
        "plant": "staghorn-sumac"
      }
    },
    {
      "type": "Feature",
      "id": "mtl314522",
      "geometry": {
        "type": "Point",
        "coordinates": [
          -73.550369,
          45.461886
        ]
      },
      "properties": {
        "name": "Ginkgo",
        "species": "Ginkgo biloba mâle",
        "tier": "caution",
        "notes": "Only female trees fruit; the fallen flesh reeks and blisters skin (handle with gloves). The inner nut is edible COOKED and in small amounts only — raw/excess is toxic. Most street ginkgos are fruitless male cultivars.",
        "source": "montreal",
        "mtl": "https://donnees.montreal.ca/dataset/arbres",
        "where": "rue  De La Noue",
        "planted": "2025"
      }
    },
    {
      "type": "Feature",
      "id": "mtl314638",
      "geometry": {
        "type": "Point",
        "coordinates": [
          -73.576703,
          45.46654
        ]
      },
      "properties": {
        "name": "Black maple",
        "species": "Acer nigrum",
        "tier": "prep",
        "notes": "Sugar-maple's twin — tap and boil the sap to syrup exactly the same way.",
        "source": "montreal",
        "mtl": "https://donnees.montreal.ca/dataset/arbres",
        "where": "rue  Dupuis"
      }
    },
    {
      "type": "Feature",
      "id": "mtl314639",
      "geometry": {
        "type": "Point",
        "coordinates": [
          -73.576946,
          45.466549
        ]
      },
      "properties": {
        "name": "Cherry / chokecherry",
        "species": "Prunus virginiana 'Schubert'",
        "tier": "prep",
        "notes": "Chokecherry & black cherry — cook the ripe fruit for jelly/syrup; astringent raw and the pits are cyanogenic. Never eat the pits.",
        "source": "montreal",
        "mtl": "https://donnees.montreal.ca/dataset/arbres",
        "where": "rue  Dupuis"
      }
    },
    {
      "type": "Feature",
      "id": "mtl314669",
      "geometry": {
        "type": "Point",
        "coordinates": [
          -73.578318,
          45.467009
        ]
      },
      "properties": {
        "name": "Crabapple / apple",
        "species": "Malus",
        "tier": "snack",
        "notes": "Street crabapples — taste one; most are tart but good, cook the sour ones into jelly. The city plants dozens of cultivars.",
        "source": "montreal",
        "mtl": "https://donnees.montreal.ca/dataset/arbres",
        "where": "rue  Dupuis",
        "plant": "apple"
      }
    },
    {
      "type": "Feature",
      "id": "mtl314671",
      "geometry": {
        "type": "Point",
        "coordinates": [
          -73.572736,
          45.466222
        ]
      },
      "properties": {
        "name": "Kentucky coffeetree",
        "species": "Gymnocladus dioicus 'Espresso'",
        "tier": "avoid",
        "notes": "TOXIC raw — the pulp and seeds in the thick flat pods contain cytisine. (Roasting was a historical workaround, but treat it as do-not-eat.) Learn it so you don't mistake it for honey locust.",
        "source": "montreal",
        "mtl": "https://donnees.montreal.ca/dataset/arbres",
        "where": "rue  Dupuis",
        "planted": "2022"
      }
    },
    {
      "type": "Feature",
      "id": "mtl314683",
      "geometry": {
        "type": "Point",
        "coordinates": [
          -73.568712,
          45.451931
        ]
      },
      "properties": {
        "name": "Black locust",
        "species": "Robinia pseudoacacia",
        "tier": "caution",
        "notes": "The flowers are edible (fritters); everything else — bark, leaves, pods, seeds — is TOXIC. Take only the blossoms, and be sure it's not a look-alike.",
        "source": "montreal",
        "mtl": "https://donnees.montreal.ca/dataset/arbres",
        "where": "rue  Egan"
      }
    },
    {
      "type": "Feature",
      "id": "mtl314760",
      "geometry": {
        "type": "Point",
        "coordinates": [
          -73.580518,
          45.452281
        ]
      },
      "properties": {
        "name": "Birch",
        "species": "Betula pendula",
        "tier": "prep",
        "notes": "Tap the sap in early spring (boil down for birch syrup) and the aromatic inner bark/twigs for tea. A sap, not a snack.",
        "source": "montreal",
        "mtl": "https://donnees.montreal.ca/dataset/arbres",
        "where": "rue  Egan"
      }
    },
    {
      "type": "Feature",
      "id": "mtl314838",
      "geometry": {
        "type": "Point",
        "coordinates": [
          -73.56972,
          45.469781
        ]
      },
      "properties": {
        "name": "Linden",
        "species": "Tilia cordata",
        "tier": "snack",
        "notes": "Young heart-shaped leaves are a mild salad green in spring; the fragrant flowers make a calming tea.",
        "source": "montreal",
        "mtl": "https://donnees.montreal.ca/dataset/arbres",
        "where": "rue  Evelyn",
        "plant": "linden"
      }
    },
    {
      "type": "Feature",
      "id": "mtl314847",
      "geometry": {
        "type": "Point",
        "coordinates": [
          -73.569841,
          45.468476
        ]
      },
      "properties": {
        "name": "Ginkgo",
        "species": "Ginkgo biloba mâle",
        "tier": "caution",
        "notes": "Only female trees fruit; the fallen flesh reeks and blisters skin (handle with gloves). The inner nut is edible COOKED and in small amounts only — raw/excess is toxic. Most street ginkgos are fruitless male cultivars.",
        "source": "montreal",
        "mtl": "https://donnees.montreal.ca/dataset/arbres",
        "where": "rue  Evelyn",
        "planted": "2021"
      }
    },
    {
      "type": "Feature",
      "id": "mtl315277",
      "geometry": {
        "type": "Point",
        "coordinates": [
          -73.568858,
          45.467443
        ]
      },
      "properties": {
        "name": "Hazelnut",
        "species": "Corylus colurna",
        "tier": "snack",
        "notes": "Filberts in late summer — crack and eat raw once the husks brown.",
        "source": "montreal",
        "mtl": "https://donnees.montreal.ca/dataset/arbres",
        "where": "rue  Gertrude"
      }
    },
    {
      "type": "Feature",
      "id": "mtl315289",
      "geometry": {
        "type": "Point",
        "coordinates": [
          -73.568973,
          45.466041
        ]
      },
      "properties": {
        "name": "Hazelnut",
        "species": "Corylus colurna",
        "tier": "snack",
        "notes": "Filberts in late summer — crack and eat raw once the husks brown.",
        "source": "montreal",
        "mtl": "https://donnees.montreal.ca/dataset/arbres",
        "where": "rue  Gertrude"
      }
    },
    {
      "type": "Feature",
      "id": "mtl315340",
      "geometry": {
        "type": "Point",
        "coordinates": [
          -73.569596,
          45.473772
        ]
      },
      "properties": {
        "name": "Oak (acorns)",
        "species": "Quercus palustris",
        "tier": "prep",
        "notes": "Gather sound acorns in fall; leach the ground meal in several changes of water to pull the tannins, then use as flour. White-oak group leaches easier.",
        "source": "montreal",
        "mtl": "https://donnees.montreal.ca/dataset/arbres",
        "where": "rue  Gibbons"
      }
    },
    {
      "type": "Feature",
      "id": "mtl315352",
      "geometry": {
        "type": "Point",
        "coordinates": [
          -73.573515,
          45.447186
        ]
      },
      "properties": {
        "name": "Honey locust",
        "species": "Gleditsia triacanthos",
        "tier": "caution",
        "notes": "Sweet pulp inside the long twisted pods is edible — but do NOT confuse it with the TOXIC Kentucky coffeetree (thick flat pods) or black locust. Honey locust has fine branching thorns and tiny leaflets.",
        "source": "montreal",
        "mtl": "https://donnees.montreal.ca/dataset/arbres",
        "where": "rue  Godin"
      }
    },
    {
      "type": "Feature",
      "id": "mtl315385",
      "geometry": {
        "type": "Point",
        "coordinates": [
          -73.581478,
          45.447951
        ]
      },
      "properties": {
        "name": "Hackberry",
        "species": "Celtis occidentalis",
        "tier": "snack",
        "notes": "Small orange-brown drupes in fall — thin sweet date-like flesh over a crunchable seed. Eat whole.",
        "source": "montreal",
        "mtl": "https://donnees.montreal.ca/dataset/arbres",
        "where": "rue  Godin",
        "planted": "2018"
      }
    },
    {
      "type": "Feature",
      "id": "mtl315424",
      "geometry": {
        "type": "Point",
        "coordinates": [
          -73.580859,
          45.447741
        ]
      },
      "properties": {
        "name": "Cherry / chokecherry",
        "species": "Prunus",
        "tier": "prep",
        "notes": "Chokecherry & black cherry — cook the ripe fruit for jelly/syrup; astringent raw and the pits are cyanogenic. Never eat the pits.",
        "source": "montreal",
        "mtl": "https://donnees.montreal.ca/dataset/arbres",
        "where": "rue  Godin"
      }
    },
    {
      "type": "Feature",
      "id": "mtl315445",
      "geometry": {
        "type": "Point",
        "coordinates": [
          -73.563919,
          45.460936
        ]
      },
      "properties": {
        "name": "Serviceberry",
        "species": "Amelanchier canadensis",
        "tier": "snack",
        "notes": "Sweet blueberry-like pomes in late June — eat raw off the branch before the birds strip them.",
        "source": "montreal",
        "mtl": "https://donnees.montreal.ca/dataset/arbres",
        "where": "rue  Gordon",
        "planted": "2022",
        "plant": "serviceberry"
      }
    },
    {
      "type": "Feature",
      "id": "mtl315484",
      "geometry": {
        "type": "Point",
        "coordinates": [
          -73.573477,
          45.461357
        ]
      },
      "properties": {
        "name": "Linden",
        "species": "Tilia",
        "tier": "snack",
        "notes": "Young heart-shaped leaves are a mild salad green in spring; the fragrant flowers make a calming tea.",
        "source": "montreal",
        "mtl": "https://donnees.montreal.ca/dataset/arbres",
        "where": "rue  Gordon",
        "plant": "linden"
      }
    },
    {
      "type": "Feature",
      "id": "mtl315486",
      "geometry": {
        "type": "Point",
        "coordinates": [
          -73.573819,
          45.461371
        ]
      },
      "properties": {
        "name": "Rowan",
        "species": "Sorbus americana",
        "tier": "prep",
        "notes": "Cook the orange berries into a tart jelly after frost — raw they're astringent and mildly upsetting.",
        "source": "montreal",
        "mtl": "https://donnees.montreal.ca/dataset/arbres",
        "where": "rue  Gordon"
      }
    },
    {
      "type": "Feature",
      "id": "mtl315498",
      "geometry": {
        "type": "Point",
        "coordinates": [
          -73.576583,
          45.461512
        ]
      },
      "properties": {
        "name": "Black locust",
        "species": "Robinia pseudoacacia",
        "tier": "caution",
        "notes": "The flowers are edible (fritters); everything else — bark, leaves, pods, seeds — is TOXIC. Take only the blossoms, and be sure it's not a look-alike.",
        "source": "montreal",
        "mtl": "https://donnees.montreal.ca/dataset/arbres",
        "where": "rue  Gordon"
      }
    },
    {
      "type": "Feature",
      "id": "mtl315507",
      "geometry": {
        "type": "Point",
        "coordinates": [
          -73.578982,
          45.461613
        ]
      },
      "properties": {
        "name": "Sugar maple",
        "species": "Acer saccharum",
        "tier": "prep",
        "notes": "Tap in the Feb–Mar freeze/thaw and boil the sap to syrup — ~40:1. Needs a spile, bucket, and a lot of firewood.",
        "source": "montreal",
        "mtl": "https://donnees.montreal.ca/dataset/arbres",
        "where": "rue  Gordon"
      }
    },
    {
      "type": "Feature",
      "id": "mtl315537",
      "geometry": {
        "type": "Point",
        "coordinates": [
          -73.568142,
          45.460557
        ]
      },
      "properties": {
        "name": "Staghorn sumac",
        "species": "Rhus typhina",
        "tier": "snack",
        "notes": "Steep the fuzzy red drupe cones in cold water for pink lemonade.",
        "source": "montreal",
        "mtl": "https://donnees.montreal.ca/dataset/arbres",
        "where": "rue  Gordon",
        "plant": "staghorn-sumac"
      }
    },
    {
      "type": "Feature",
      "id": "mtl315561",
      "geometry": {
        "type": "Point",
        "coordinates": [
          -73.572223,
          45.461162
        ]
      },
      "properties": {
        "name": "Honey locust",
        "species": "Gleditsia triacanthos",
        "tier": "caution",
        "notes": "Sweet pulp inside the long twisted pods is edible — but do NOT confuse it with the TOXIC Kentucky coffeetree (thick flat pods) or black locust. Honey locust has fine branching thorns and tiny leaflets.",
        "source": "montreal",
        "mtl": "https://donnees.montreal.ca/dataset/arbres",
        "where": "rue  Gordon"
      }
    },
    {
      "type": "Feature",
      "id": "mtl315567",
      "geometry": {
        "type": "Point",
        "coordinates": [
          -73.573417,
          45.461215
        ]
      },
      "properties": {
        "name": "Kentucky coffeetree",
        "species": "Gymnocladus dioicus",
        "tier": "avoid",
        "notes": "TOXIC raw — the pulp and seeds in the thick flat pods contain cytisine. (Roasting was a historical workaround, but treat it as do-not-eat.) Learn it so you don't mistake it for honey locust.",
        "source": "montreal",
        "mtl": "https://donnees.montreal.ca/dataset/arbres",
        "where": "rue  Gordon",
        "planted": "2024"
      }
    },
    {
      "type": "Feature",
      "id": "mtl315658",
      "geometry": {
        "type": "Point",
        "coordinates": [
          -73.57155,
          45.472056
        ]
      },
      "properties": {
        "name": "Hackberry",
        "species": "Celtis occidentalis",
        "tier": "snack",
        "notes": "Small orange-brown drupes in fall — thin sweet date-like flesh over a crunchable seed. Eat whole.",
        "source": "montreal",
        "mtl": "https://donnees.montreal.ca/dataset/arbres",
        "where": "rue  Joseph"
      }
    },
    {
      "type": "Feature",
      "id": "mtl315663",
      "geometry": {
        "type": "Point",
        "coordinates": [
          -73.571535,
          45.471784
        ]
      },
      "properties": {
        "name": "Rowan",
        "species": "Sorbus americana",
        "tier": "prep",
        "notes": "Cook the orange berries into a tart jelly after frost — raw they're astringent and mildly upsetting.",
        "source": "montreal",
        "mtl": "https://donnees.montreal.ca/dataset/arbres",
        "where": "rue  Joseph",
        "planted": "2018"
      }
    },
    {
      "type": "Feature",
      "id": "mtl315776",
      "geometry": {
        "type": "Point",
        "coordinates": [
          -73.591438,
          45.440237
        ]
      },
      "properties": {
        "name": "Walnut / butternut",
        "species": "Juglans cinerea",
        "tier": "prep",
        "notes": "Husk and cure the nuts in fall — the husks stain everything, wear gloves. Butternut (J. cinerea) is milder than black walnut.",
        "source": "montreal",
        "mtl": "https://donnees.montreal.ca/dataset/arbres",
        "where": "rue  Leclair"
      }
    },
    {
      "type": "Feature",
      "id": "mtl315783",
      "geometry": {
        "type": "Point",
        "coordinates": [
          -73.593064,
          45.440495
        ]
      },
      "properties": {
        "name": "Sugar maple",
        "species": "Acer saccharum",
        "tier": "prep",
        "notes": "Tap in the Feb–Mar freeze/thaw and boil the sap to syrup — ~40:1. Needs a spile, bucket, and a lot of firewood.",
        "source": "montreal",
        "mtl": "https://donnees.montreal.ca/dataset/arbres",
        "where": "rue  Leclair"
      }
    },
    {
      "type": "Feature",
      "id": "mtl315867",
      "geometry": {
        "type": "Point",
        "coordinates": [
          -73.536749,
          45.468692
        ]
      },
      "properties": {
        "name": "Rowan",
        "species": "Sorbus americana",
        "tier": "prep",
        "notes": "Cook the orange berries into a tart jelly after frost — raw they're astringent and mildly upsetting.",
        "source": "montreal",
        "mtl": "https://donnees.montreal.ca/dataset/arbres",
        "where": "rue  Levert",
        "planted": "2021"
      }
    },
    {
      "type": "Feature",
      "id": "mtl315957",
      "geometry": {
        "type": "Point",
        "coordinates": [
          -73.569172,
          45.449286
        ]
      },
      "properties": {
        "name": "Linden",
        "species": "Tilia cordata",
        "tier": "snack",
        "notes": "Young heart-shaped leaves are a mild salad green in spring; the fragrant flowers make a calming tea.",
        "source": "montreal",
        "mtl": "https://donnees.montreal.ca/dataset/arbres",
        "where": "rue  Manning",
        "plant": "linden"
      }
    },
    {
      "type": "Feature",
      "id": "mtl315977",
      "geometry": {
        "type": "Point",
        "coordinates": [
          -73.57185,
          45.449394
        ]
      },
      "properties": {
        "name": "Rowan",
        "species": "Sorbus aucuparia",
        "tier": "prep",
        "notes": "Cook the orange berries into a tart jelly after frost — raw they're astringent and mildly upsetting.",
        "source": "montreal",
        "mtl": "https://donnees.montreal.ca/dataset/arbres",
        "where": "rue  Manning"
      }
    },
    {
      "type": "Feature",
      "id": "mtl315986",
      "geometry": {
        "type": "Point",
        "coordinates": [
          -73.574177,
          45.44949
        ]
      },
      "properties": {
        "name": "Oak (acorns)",
        "species": "Quercus rubra",
        "tier": "prep",
        "notes": "Gather sound acorns in fall; leach the ground meal in several changes of water to pull the tannins, then use as flour. White-oak group leaches easier.",
        "source": "montreal",
        "mtl": "https://donnees.montreal.ca/dataset/arbres",
        "where": "rue  Manning"
      }
    },
    {
      "type": "Feature",
      "id": "mtl315999",
      "geometry": {
        "type": "Point",
        "coordinates": [
          -73.575547,
          45.449534
        ]
      },
      "properties": {
        "name": "Black locust",
        "species": "Robinia pseudoacacia",
        "tier": "caution",
        "notes": "The flowers are edible (fritters); everything else — bark, leaves, pods, seeds — is TOXIC. Take only the blossoms, and be sure it's not a look-alike.",
        "source": "montreal",
        "mtl": "https://donnees.montreal.ca/dataset/arbres",
        "where": "rue  Manning"
      }
    },
    {
      "type": "Feature",
      "id": "mtl316005",
      "geometry": {
        "type": "Point",
        "coordinates": [
          -73.576246,
          45.449561
        ]
      },
      "properties": {
        "name": "Crabapple / apple",
        "species": "Malus",
        "tier": "snack",
        "notes": "Street crabapples — taste one; most are tart but good, cook the sour ones into jelly. The city plants dozens of cultivars.",
        "source": "montreal",
        "mtl": "https://donnees.montreal.ca/dataset/arbres",
        "where": "rue  Manning",
        "plant": "apple"
      }
    },
    {
      "type": "Feature",
      "id": "mtl316053",
      "geometry": {
        "type": "Point",
        "coordinates": [
          -73.584613,
          45.449914
        ]
      },
      "properties": {
        "name": "Hazelnut",
        "species": "Corylus colurna",
        "tier": "snack",
        "notes": "Filberts in late summer — crack and eat raw once the husks brown.",
        "source": "montreal",
        "mtl": "https://donnees.montreal.ca/dataset/arbres",
        "where": "rue  Manning",
        "planted": "2018"
      }
    },
    {
      "type": "Feature",
      "id": "mtl316099",
      "geometry": {
        "type": "Point",
        "coordinates": [
          -73.574308,
          45.449347
        ]
      },
      "properties": {
        "name": "Cherry / chokecherry",
        "species": "Prunus",
        "tier": "prep",
        "notes": "Chokecherry & black cherry — cook the ripe fruit for jelly/syrup; astringent raw and the pits are cyanogenic. Never eat the pits.",
        "source": "montreal",
        "mtl": "https://donnees.montreal.ca/dataset/arbres",
        "where": "rue  Manning"
      }
    },
    {
      "type": "Feature",
      "id": "mtl316109",
      "geometry": {
        "type": "Point",
        "coordinates": [
          -73.57581,
          45.449401
        ]
      },
      "properties": {
        "name": "Serviceberry",
        "species": "Amelanchier",
        "tier": "snack",
        "notes": "Sweet blueberry-like pomes in late June — eat raw off the branch before the birds strip them.",
        "source": "montreal",
        "mtl": "https://donnees.montreal.ca/dataset/arbres",
        "where": "rue  Manning",
        "plant": "serviceberry"
      }
    },
    {
      "type": "Feature",
      "id": "mtl316215",
      "geometry": {
        "type": "Point",
        "coordinates": [
          -73.574546,
          45.454
        ]
      },
      "properties": {
        "name": "Hickory",
        "species": "Carya ovata",
        "tier": "prep",
        "notes": "Shagbark (C. ovata) nuts are sweet — crack and pick; bitternut (C. cordiformis) is too bitter to bother. Bark makes a syrup.",
        "source": "montreal",
        "mtl": "https://donnees.montreal.ca/dataset/arbres",
        "where": "rue  Melrose",
        "planted": "2022"
      }
    },
    {
      "type": "Feature",
      "id": "mtl316221",
      "geometry": {
        "type": "Point",
        "coordinates": [
          -73.575385,
          45.454032
        ]
      },
      "properties": {
        "name": "Cherry / chokecherry",
        "species": "Prunus",
        "tier": "prep",
        "notes": "Chokecherry & black cherry — cook the ripe fruit for jelly/syrup; astringent raw and the pits are cyanogenic. Never eat the pits.",
        "source": "montreal",
        "mtl": "https://donnees.montreal.ca/dataset/arbres",
        "where": "rue  Melrose"
      }
    },
    {
      "type": "Feature",
      "id": "mtl316304",
      "geometry": {
        "type": "Point",
        "coordinates": [
          -73.574954,
          45.453889
        ]
      },
      "properties": {
        "name": "Beech",
        "species": "Fagus",
        "tier": "prep",
        "notes": "Beechnuts in fall are edible in small amounts raw, better roasted; the raw nut skin is mildly bitter/laxative in quantity.",
        "source": "montreal",
        "mtl": "https://donnees.montreal.ca/dataset/arbres",
        "where": "rue  Melrose"
      }
    },
    {
      "type": "Feature",
      "id": "mtl316395",
      "geometry": {
        "type": "Point",
        "coordinates": [
          -73.580079,
          45.450492
        ]
      },
      "properties": {
        "name": "Rowan",
        "species": "Sorbus aucuparia",
        "tier": "prep",
        "notes": "Cook the orange berries into a tart jelly after frost — raw they're astringent and mildly upsetting.",
        "source": "montreal",
        "mtl": "https://donnees.montreal.ca/dataset/arbres",
        "where": "rue  Moffat"
      }
    },
    {
      "type": "Feature",
      "id": "mtl316456",
      "geometry": {
        "type": "Point",
        "coordinates": [
          -73.574233,
          45.450102
        ]
      },
      "properties": {
        "name": "Hickory",
        "species": "Carya cordiformis",
        "tier": "prep",
        "notes": "Shagbark (C. ovata) nuts are sweet — crack and pick; bitternut (C. cordiformis) is too bitter to bother. Bark makes a syrup.",
        "source": "montreal",
        "mtl": "https://donnees.montreal.ca/dataset/arbres",
        "where": "rue  Moffat",
        "planted": "2023"
      }
    },
    {
      "type": "Feature",
      "id": "mtl316485",
      "geometry": {
        "type": "Point",
        "coordinates": [
          -73.580416,
          45.450358
        ]
      },
      "properties": {
        "name": "Pear",
        "species": "Pyrus calleryana 'Glen's Form (Chantecleer)",
        "tier": "snack",
        "notes": "Most street pears are ornamental Callery — tiny hard fruit, only edible frost-softened. The odd 'Bartlett' is a real pear.",
        "source": "montreal",
        "mtl": "https://donnees.montreal.ca/dataset/arbres",
        "where": "rue  Moffat",
        "planted": "2018"
      }
    },
    {
      "type": "Feature",
      "id": "mtl316502",
      "geometry": {
        "type": "Point",
        "coordinates": [
          -73.583879,
          45.450502
        ]
      },
      "properties": {
        "name": "Walnut / butternut",
        "species": "Juglans nigra",
        "tier": "prep",
        "notes": "Husk and cure the nuts in fall — the husks stain everything, wear gloves. Butternut (J. cinerea) is milder than black walnut.",
        "source": "montreal",
        "mtl": "https://donnees.montreal.ca/dataset/arbres",
        "where": "rue  Moffat",
        "planted": "2022"
      }
    },
    {
      "type": "Feature",
      "id": "mtl316516",
      "geometry": {
        "type": "Point",
        "coordinates": [
          -73.580775,
          45.445995
        ]
      },
      "properties": {
        "name": "Serviceberry",
        "species": "Amelanchier laevis",
        "tier": "snack",
        "notes": "Sweet blueberry-like pomes in late June — eat raw off the branch before the birds strip them.",
        "source": "montreal",
        "mtl": "https://donnees.montreal.ca/dataset/arbres",
        "where": "rue  Monteith",
        "planted": "2022",
        "plant": "serviceberry"
      }
    },
    {
      "type": "Feature",
      "id": "mtl316652",
      "geometry": {
        "type": "Point",
        "coordinates": [
          -73.570885,
          45.451264
        ]
      },
      "properties": {
        "name": "Kentucky coffeetree",
        "species": "Gymnocladus dioicus 'Espresso'",
        "tier": "avoid",
        "notes": "TOXIC raw — the pulp and seeds in the thick flat pods contain cytisine. (Roasting was a historical workaround, but treat it as do-not-eat.) Learn it so you don't mistake it for honey locust.",
        "source": "montreal",
        "mtl": "https://donnees.montreal.ca/dataset/arbres",
        "where": "rue  Osborne",
        "planted": "2021"
      }
    },
    {
      "type": "Feature",
      "id": "mtl316691",
      "geometry": {
        "type": "Point",
        "coordinates": [
          -73.577542,
          45.451552
        ]
      },
      "properties": {
        "name": "Oak (acorns)",
        "species": "Quercus rubra",
        "tier": "prep",
        "notes": "Gather sound acorns in fall; leach the ground meal in several changes of water to pull the tannins, then use as flour. White-oak group leaches easier.",
        "source": "montreal",
        "mtl": "https://donnees.montreal.ca/dataset/arbres",
        "where": "rue  Osborne"
      }
    },
    {
      "type": "Feature",
      "id": "mtl316818",
      "geometry": {
        "type": "Point",
        "coordinates": [
          -73.571158,
          45.448604
        ]
      },
      "properties": {
        "name": "Hickory",
        "species": "Carya cordiformis",
        "tier": "prep",
        "notes": "Shagbark (C. ovata) nuts are sweet — crack and pick; bitternut (C. cordiformis) is too bitter to bother. Bark makes a syrup.",
        "source": "montreal",
        "mtl": "https://donnees.montreal.ca/dataset/arbres",
        "where": "rue  Richard",
        "planted": "2022"
      }
    },
    {
      "type": "Feature",
      "id": "mtl316926",
      "geometry": {
        "type": "Point",
        "coordinates": [
          -73.568495,
          45.460234
        ]
      },
      "properties": {
        "name": "Rowan",
        "species": "Sorbus aucuparia",
        "tier": "prep",
        "notes": "Cook the orange berries into a tart jelly after frost — raw they're astringent and mildly upsetting.",
        "source": "montreal",
        "mtl": "https://donnees.montreal.ca/dataset/arbres",
        "where": "rue  Rielle"
      }
    },
    {
      "type": "Feature",
      "id": "mtl317093",
      "geometry": {
        "type": "Point",
        "coordinates": [
          -73.574627,
          45.446547
        ]
      },
      "properties": {
        "name": "Birch",
        "species": "Betula papyrifera",
        "tier": "prep",
        "notes": "Tap the sap in early spring (boil down for birch syrup) and the aromatic inner bark/twigs for tea. A sap, not a snack.",
        "source": "montreal",
        "mtl": "https://donnees.montreal.ca/dataset/arbres",
        "where": "rue  Riverview"
      }
    },
    {
      "type": "Feature",
      "id": "mtl317168",
      "geometry": {
        "type": "Point",
        "coordinates": [
          -73.554344,
          45.464233
        ]
      },
      "properties": {
        "name": "Oak (acorns)",
        "species": "Quercus robur 'Fastigiata'",
        "tier": "prep",
        "notes": "Gather sound acorns in fall; leach the ground meal in several changes of water to pull the tannins, then use as flour. White-oak group leaches easier.",
        "source": "montreal",
        "mtl": "https://donnees.montreal.ca/dataset/arbres",
        "where": "rue  Roland-Jeanneau"
      }
    },
    {
      "type": "Feature",
      "id": "mtl317231",
      "geometry": {
        "type": "Point",
        "coordinates": [
          -73.585707,
          45.446396
        ]
      },
      "properties": {
        "name": "Rowan",
        "species": "Sorbus aucuparia",
        "tier": "prep",
        "notes": "Cook the orange berries into a tart jelly after frost — raw they're astringent and mildly upsetting.",
        "source": "montreal",
        "mtl": "https://donnees.montreal.ca/dataset/arbres",
        "where": "rue  Rolland"
      }
    },
    {
      "type": "Feature",
      "id": "mtl317239",
      "geometry": {
        "type": "Point",
        "coordinates": [
          -73.586666,
          45.44656
        ]
      },
      "properties": {
        "name": "Ginkgo",
        "species": "Ginkgo biloba mâle",
        "tier": "caution",
        "notes": "Only female trees fruit; the fallen flesh reeks and blisters skin (handle with gloves). The inner nut is edible COOKED and in small amounts only — raw/excess is toxic. Most street ginkgos are fruitless male cultivars.",
        "source": "montreal",
        "mtl": "https://donnees.montreal.ca/dataset/arbres",
        "where": "rue  Rolland",
        "planted": "2022"
      }
    },
    {
      "type": "Feature",
      "id": "mtl317248",
      "geometry": {
        "type": "Point",
        "coordinates": [
          -73.587713,
          45.446733
        ]
      },
      "properties": {
        "name": "Hackberry",
        "species": "Celtis occidentalis",
        "tier": "snack",
        "notes": "Small orange-brown drupes in fall — thin sweet date-like flesh over a crunchable seed. Eat whole.",
        "source": "montreal",
        "mtl": "https://donnees.montreal.ca/dataset/arbres",
        "where": "rue  Rolland",
        "planted": "2020"
      }
    },
    {
      "type": "Feature",
      "id": "mtl317344",
      "geometry": {
        "type": "Point",
        "coordinates": [
          -73.579141,
          45.444519
        ]
      },
      "properties": {
        "name": "Hazelnut",
        "species": "Corylus colurna",
        "tier": "snack",
        "notes": "Filberts in late summer — crack and eat raw once the husks brown.",
        "source": "montreal",
        "mtl": "https://donnees.montreal.ca/dataset/arbres",
        "where": "rue  Stephens"
      }
    },
    {
      "type": "Feature",
      "id": "mtl317450",
      "geometry": {
        "type": "Point",
        "coordinates": [
          -73.585672,
          45.445503
        ]
      },
      "properties": {
        "name": "Pear",
        "species": "Pyrus calleryana 'Glen's Form (Chantecleer)",
        "tier": "snack",
        "notes": "Most street pears are ornamental Callery — tiny hard fruit, only edible frost-softened. The odd 'Bartlett' is a real pear.",
        "source": "montreal",
        "mtl": "https://donnees.montreal.ca/dataset/arbres",
        "where": "rue  Stephens",
        "planted": "2018"
      }
    },
    {
      "type": "Feature",
      "id": "mtl317561",
      "geometry": {
        "type": "Point",
        "coordinates": [
          -73.583311,
          45.446706
        ]
      },
      "properties": {
        "name": "Hazelnut",
        "species": "Corylus colurna",
        "tier": "snack",
        "notes": "Filberts in late summer — crack and eat raw once the husks brown.",
        "source": "montreal",
        "mtl": "https://donnees.montreal.ca/dataset/arbres",
        "where": "rue  Valiquette",
        "planted": "2018"
      }
    },
    {
      "type": "Feature",
      "id": "mtl317563",
      "geometry": {
        "type": "Point",
        "coordinates": [
          -73.583584,
          45.446739
        ]
      },
      "properties": {
        "name": "Pear",
        "species": "Pyrus",
        "tier": "snack",
        "notes": "Most street pears are ornamental Callery — tiny hard fruit, only edible frost-softened. The odd 'Bartlett' is a real pear.",
        "source": "montreal",
        "mtl": "https://donnees.montreal.ca/dataset/arbres",
        "where": "rue  Valiquette"
      }
    },
    {
      "type": "Feature",
      "id": "mtl317624",
      "geometry": {
        "type": "Point",
        "coordinates": [
          -73.582366,
          45.446388
        ]
      },
      "properties": {
        "name": "Honey locust",
        "species": "Gleditsia triacanthos",
        "tier": "caution",
        "notes": "Sweet pulp inside the long twisted pods is edible — but do NOT confuse it with the TOXIC Kentucky coffeetree (thick flat pods) or black locust. Honey locust has fine branching thorns and tiny leaflets.",
        "source": "montreal",
        "mtl": "https://donnees.montreal.ca/dataset/arbres",
        "where": "rue  Valiquette"
      }
    },
    {
      "type": "Feature",
      "id": "mtl317667",
      "geometry": {
        "type": "Point",
        "coordinates": [
          -73.566767,
          45.466295
        ]
      },
      "properties": {
        "name": "Kentucky coffeetree",
        "species": "Gymnocladus dioicus",
        "tier": "avoid",
        "notes": "TOXIC raw — the pulp and seeds in the thick flat pods contain cytisine. (Roasting was a historical workaround, but treat it as do-not-eat.) Learn it so you don't mistake it for honey locust.",
        "source": "montreal",
        "mtl": "https://donnees.montreal.ca/dataset/arbres",
        "where": "rue  Wellington"
      }
    },
    {
      "type": "Feature",
      "id": "mtl317681",
      "geometry": {
        "type": "Point",
        "coordinates": [
          -73.567267,
          45.460871
        ]
      },
      "properties": {
        "name": "Honey locust",
        "species": "Gleditsia triacanthos",
        "tier": "caution",
        "notes": "Sweet pulp inside the long twisted pods is edible — but do NOT confuse it with the TOXIC Kentucky coffeetree (thick flat pods) or black locust. Honey locust has fine branching thorns and tiny leaflets.",
        "source": "montreal",
        "mtl": "https://donnees.montreal.ca/dataset/arbres",
        "where": "rue  Wellington"
      }
    },
    {
      "type": "Feature",
      "id": "mtl318027",
      "geometry": {
        "type": "Point",
        "coordinates": [
          -73.576917,
          45.452627
        ]
      },
      "properties": {
        "name": "Serviceberry",
        "species": "Amelanchier laevis",
        "tier": "snack",
        "notes": "Sweet blueberry-like pomes in late June — eat raw off the branch before the birds strip them.",
        "source": "montreal",
        "mtl": "https://donnees.montreal.ca/dataset/arbres",
        "where": "rue  Woodland",
        "plant": "serviceberry"
      }
    },
    {
      "type": "Feature",
      "id": "mtl318107",
      "geometry": {
        "type": "Point",
        "coordinates": [
          -73.560904,
          45.447637
        ]
      },
      "properties": {
        "name": "Black locust",
        "species": "Robinia pseudoacacia",
        "tier": "caution",
        "notes": "The flowers are edible (fritters); everything else — bark, leaves, pods, seeds — is TOXIC. Take only the blossoms, and be sure it's not a look-alike.",
        "source": "montreal",
        "mtl": "https://donnees.montreal.ca/dataset/arbres",
        "where": "rue André-Prévost"
      }
    },
    {
      "type": "Feature",
      "id": "mtl318169",
      "geometry": {
        "type": "Point",
        "coordinates": [
          -73.55744,
          45.448037
        ]
      },
      "properties": {
        "name": "Ginkgo",
        "species": "Ginkgo biloba 'Princeton Sentry'",
        "tier": "caution",
        "notes": "Only female trees fruit; the fallen flesh reeks and blisters skin (handle with gloves). The inner nut is edible COOKED and in small amounts only — raw/excess is toxic. Most street ginkgos are fruitless male cultivars.",
        "source": "montreal",
        "mtl": "https://donnees.montreal.ca/dataset/arbres",
        "where": "rue Claude-Vivier",
        "planted": "2023"
      }
    },
    {
      "type": "Feature",
      "id": "mtl318204",
      "geometry": {
        "type": "Point",
        "coordinates": [
          -73.562692,
          45.470721
        ]
      },
      "properties": {
        "name": "Honey locust",
        "species": "Gleditsia triacanthos 'Shademaster'",
        "tier": "caution",
        "notes": "Sweet pulp inside the long twisted pods is edible — but do NOT confuse it with the TOXIC Kentucky coffeetree (thick flat pods) or black locust. Honey locust has fine branching thorns and tiny leaflets.",
        "source": "montreal",
        "mtl": "https://donnees.montreal.ca/dataset/arbres",
        "where": "rue Gilberte-Dubé",
        "planted": "2021"
      }
    },
    {
      "type": "Feature",
      "id": "mtl318242",
      "geometry": {
        "type": "Point",
        "coordinates": [
          -73.539567,
          45.472756
        ]
      },
      "properties": {
        "name": "Crabapple / apple",
        "species": "Malus",
        "tier": "snack",
        "notes": "Street crabapples — taste one; most are tart but good, cook the sour ones into jelly. The city plants dozens of cultivars.",
        "source": "montreal",
        "mtl": "https://donnees.montreal.ca/dataset/arbres",
        "where": "rue Jacques-Le Ber",
        "plant": "apple"
      }
    },
    {
      "type": "Feature",
      "id": "mtl318296",
      "geometry": {
        "type": "Point",
        "coordinates": [
          -73.559574,
          45.447471
        ]
      },
      "properties": {
        "name": "Hackberry",
        "species": "Celtis occidentalis",
        "tier": "snack",
        "notes": "Small orange-brown drupes in fall — thin sweet date-like flesh over a crunchable seed. Eat whole.",
        "source": "montreal",
        "mtl": "https://donnees.montreal.ca/dataset/arbres",
        "where": "rue Serge-Garant"
      }
    },
    {
      "type": "Feature",
      "id": "mtl318398",
      "geometry": {
        "type": "Point",
        "coordinates": [
          -73.547632,
          45.455828
        ]
      },
      "properties": {
        "name": "Cherry / chokecherry",
        "species": "Prunus",
        "tier": "prep",
        "notes": "Chokecherry & black cherry — cook the ripe fruit for jelly/syrup; astringent raw and the pits are cyanogenic. Never eat the pits.",
        "source": "montreal",
        "mtl": "https://donnees.montreal.ca/dataset/arbres",
        "where": "rue de Gaspé"
      }
    },
    {
      "type": "Feature",
      "id": "mtl318413",
      "geometry": {
        "type": "Point",
        "coordinates": [
          -73.565471,
          45.470809
        ]
      },
      "properties": {
        "name": "Linden",
        "species": "Tilia cordata",
        "tier": "snack",
        "notes": "Young heart-shaped leaves are a mild salad green in spring; the fragrant flowers make a calming tea.",
        "source": "montreal",
        "mtl": "https://donnees.montreal.ca/dataset/arbres",
        "where": "rue de Rushbrooke",
        "plant": "linden"
      }
    },
    {
      "type": "Feature",
      "id": "mtl318711",
      "geometry": {
        "type": "Point",
        "coordinates": [
          -73.550029,
          45.450849
        ]
      },
      "properties": {
        "name": "Walnut / butternut",
        "species": "Juglans cinerea",
        "tier": "prep",
        "notes": "Husk and cure the nuts in fall — the husks stain everything, wear gloves. Butternut (J. cinerea) is milder than black walnut.",
        "source": "montreal",
        "mtl": "https://donnees.montreal.ca/dataset/arbres",
        "where": "rue de l' Orée-du-bois"
      }
    },
    {
      "type": "Feature",
      "id": "mtl319261",
      "geometry": {
        "type": "Point",
        "coordinates": [
          -73.550571,
          45.455996
        ]
      },
      "properties": {
        "name": "Sugar maple",
        "species": "Acer saccharum",
        "tier": "prep",
        "notes": "Tap in the Feb–Mar freeze/thaw and boil the sap to syrup — ~40:1. Needs a spile, bucket, and a lot of firewood.",
        "source": "montreal",
        "mtl": "https://donnees.montreal.ca/dataset/arbres",
        "where": "rue du Grand-Duc"
      }
    },
    {
      "type": "Feature",
      "id": "mtl63739",
      "geometry": {
        "type": "Point",
        "coordinates": [
          -73.589632,
          45.475474
        ]
      },
      "properties": {
        "name": "Horse-chestnut",
        "species": "Aesculus hippocastanum",
        "tier": "avoid",
        "notes": "TOXIC — the shiny conkers are NOT the edible sweet chestnut (Castanea, which the city doesn't plant here). Do not eat.",
        "source": "montreal",
        "mtl": "https://donnees.montreal.ca/dataset/arbres",
        "where": "Émile-Berliner",
        "planted": "2005"
      }
    },
    {
      "type": "Feature",
      "id": "mtl63814",
      "geometry": {
        "type": "Point",
        "coordinates": [
          -73.578852,
          45.473245
        ]
      },
      "properties": {
        "name": "Horse-chestnut",
        "species": "Aesculus glabra",
        "tier": "avoid",
        "notes": "TOXIC — the shiny conkers are NOT the edible sweet chestnut (Castanea, which the city doesn't plant here). Do not eat.",
        "source": "montreal",
        "mtl": "https://donnees.montreal.ca/dataset/arbres",
        "where": "Ancienne-Cour-De-Triage, De L'",
        "planted": "2005"
      }
    },
    {
      "type": "Feature",
      "id": "mtl64033",
      "geometry": {
        "type": "Point",
        "coordinates": [
          -73.560426,
          45.475246
        ]
      },
      "properties": {
        "name": "Walnut / butternut",
        "species": "Juglans cinerea",
        "tier": "prep",
        "notes": "Husk and cure the nuts in fall — the husks stain everything, wear gloves. Butternut (J. cinerea) is milder than black walnut.",
        "source": "montreal",
        "mtl": "https://donnees.montreal.ca/dataset/arbres",
        "where": "Marguerite-Bourgeoys"
      }
    },
    {
      "type": "Feature",
      "id": "mtl64074",
      "geometry": {
        "type": "Point",
        "coordinates": [
          -73.559494,
          45.476092
        ]
      },
      "properties": {
        "name": "Sugar maple",
        "species": "Acer saccharum",
        "tier": "prep",
        "notes": "Tap in the Feb–Mar freeze/thaw and boil the sap to syrup — ~40:1. Needs a spile, bucket, and a lot of firewood.",
        "source": "montreal",
        "mtl": "https://donnees.montreal.ca/dataset/arbres",
        "where": "Marguerite-Bourgeoys"
      }
    },
    {
      "type": "Feature",
      "id": "mtl64091",
      "geometry": {
        "type": "Point",
        "coordinates": [
          -73.559794,
          45.47551
        ]
      },
      "properties": {
        "name": "Hickory",
        "species": "Carya cordiformis",
        "tier": "prep",
        "notes": "Shagbark (C. ovata) nuts are sweet — crack and pick; bitternut (C. cordiformis) is too bitter to bother. Bark makes a syrup.",
        "source": "montreal",
        "mtl": "https://donnees.montreal.ca/dataset/arbres",
        "where": "Marguerite-Bourgeoys",
        "planted": "2022"
      }
    },
    {
      "type": "Feature",
      "id": "mtl64117",
      "geometry": {
        "type": "Point",
        "coordinates": [
          -73.558842,
          45.475599
        ]
      },
      "properties": {
        "name": "Beech",
        "species": "Fagus grandifolia",
        "tier": "prep",
        "notes": "Beechnuts in fall are edible in small amounts raw, better roasted; the raw nut skin is mildly bitter/laxative in quantity.",
        "source": "montreal",
        "mtl": "https://donnees.montreal.ca/dataset/arbres",
        "where": "Marguerite-Bourgeoys",
        "planted": "2019"
      }
    },
    {
      "type": "Feature",
      "id": "mtl64127",
      "geometry": {
        "type": "Point",
        "coordinates": [
          -73.558329,
          45.475773
        ]
      },
      "properties": {
        "name": "Black locust",
        "species": "Robinia pseudoacacia",
        "tier": "caution",
        "notes": "The flowers are edible (fritters); everything else — bark, leaves, pods, seeds — is TOXIC. Take only the blossoms, and be sure it's not a look-alike.",
        "source": "montreal",
        "mtl": "https://donnees.montreal.ca/dataset/arbres",
        "where": "Marguerite-Bourgeoys",
        "planted": "2011"
      }
    },
    {
      "type": "Feature",
      "id": "mtl64297",
      "geometry": {
        "type": "Point",
        "coordinates": [
          -73.557804,
          45.475509
        ]
      },
      "properties": {
        "name": "Birch",
        "species": "Betula nigra",
        "tier": "prep",
        "notes": "Tap the sap in early spring (boil down for birch syrup) and the aromatic inner bark/twigs for tea. A sap, not a snack.",
        "source": "montreal",
        "mtl": "https://donnees.montreal.ca/dataset/arbres",
        "where": "Marguerite-Bourgeoys",
        "planted": "2017"
      }
    },
    {
      "type": "Feature",
      "id": "mtl64313",
      "geometry": {
        "type": "Point",
        "coordinates": [
          -73.557631,
          45.474973
        ]
      },
      "properties": {
        "name": "Walnut / butternut",
        "species": "Juglans cinerea",
        "tier": "prep",
        "notes": "Husk and cure the nuts in fall — the husks stain everything, wear gloves. Butternut (J. cinerea) is milder than black walnut.",
        "source": "montreal",
        "mtl": "https://donnees.montreal.ca/dataset/arbres",
        "where": "Marguerite-Bourgeoys"
      }
    },
    {
      "type": "Feature",
      "id": "mtl64495",
      "geometry": {
        "type": "Point",
        "coordinates": [
          -73.593113,
          45.475062
        ]
      },
      "properties": {
        "name": "Linden",
        "species": "Tilia cordata",
        "tier": "snack",
        "notes": "Young heart-shaped leaves are a mild salad green in spring; the fragrant flowers make a calming tea.",
        "source": "montreal",
        "mtl": "https://donnees.montreal.ca/dataset/arbres",
        "where": "Sainte-Élisabeth",
        "plant": "linden"
      }
    },
    {
      "type": "Feature",
      "id": "mtl64528",
      "geometry": {
        "type": "Point",
        "coordinates": [
          -73.565777,
          45.47476
        ]
      },
      "properties": {
        "name": "Crabapple / apple",
        "species": "Malus x 'Radiant'",
        "tier": "snack",
        "notes": "Street crabapples — taste one; most are tart but good, cook the sour ones into jelly. The city plants dozens of cultivars.",
        "source": "montreal",
        "mtl": "https://donnees.montreal.ca/dataset/arbres",
        "where": "Sammy-Hill",
        "plant": "apple"
      }
    },
    {
      "type": "Feature",
      "id": "mtl64537",
      "geometry": {
        "type": "Point",
        "coordinates": [
          -73.566299,
          45.474499
        ]
      },
      "properties": {
        "name": "Hackberry",
        "species": "Celtis occidentalis",
        "tier": "snack",
        "notes": "Small orange-brown drupes in fall — thin sweet date-like flesh over a crunchable seed. Eat whole.",
        "source": "montreal",
        "mtl": "https://donnees.montreal.ca/dataset/arbres",
        "where": "Sammy-Hill",
        "planted": "2025"
      }
    },
    {
      "type": "Feature",
      "id": "mtl64540",
      "geometry": {
        "type": "Point",
        "coordinates": [
          -73.566425,
          45.474704
        ]
      },
      "properties": {
        "name": "Sugar maple",
        "species": "Acer saccharum",
        "tier": "prep",
        "notes": "Tap in the Feb–Mar freeze/thaw and boil the sap to syrup — ~40:1. Needs a spile, bucket, and a lot of firewood.",
        "source": "montreal",
        "mtl": "https://donnees.montreal.ca/dataset/arbres",
        "where": "Sammy-Hill"
      }
    },
    {
      "type": "Feature",
      "id": "mtl64553",
      "geometry": {
        "type": "Point",
        "coordinates": [
          -73.566052,
          45.474687
        ]
      },
      "properties": {
        "name": "Pear",
        "species": "Pyrus ussuriensis",
        "tier": "snack",
        "notes": "Most street pears are ornamental Callery — tiny hard fruit, only edible frost-softened. The odd 'Bartlett' is a real pear.",
        "source": "montreal",
        "mtl": "https://donnees.montreal.ca/dataset/arbres",
        "where": "Sammy-Hill",
        "planted": "2025"
      }
    },
    {
      "type": "Feature",
      "id": "mtl64554",
      "geometry": {
        "type": "Point",
        "coordinates": [
          -73.565996,
          45.47473
        ]
      },
      "properties": {
        "name": "Honey locust",
        "species": "Gleditsia triacanthos 'Shademaster'",
        "tier": "caution",
        "notes": "Sweet pulp inside the long twisted pods is edible — but do NOT confuse it with the TOXIC Kentucky coffeetree (thick flat pods) or black locust. Honey locust has fine branching thorns and tiny leaflets.",
        "source": "montreal",
        "mtl": "https://donnees.montreal.ca/dataset/arbres",
        "where": "Sammy-Hill"
      }
    },
    {
      "type": "Feature",
      "id": "mtl64621",
      "geometry": {
        "type": "Point",
        "coordinates": [
          -73.566719,
          45.477829
        ]
      },
      "properties": {
        "name": "Sugar maple",
        "species": "Acer saccharum",
        "tier": "prep",
        "notes": "Tap in the Feb–Mar freeze/thaw and boil the sap to syrup — ~40:1. Needs a spile, bucket, and a lot of firewood.",
        "source": "montreal",
        "mtl": "https://donnees.montreal.ca/dataset/arbres",
        "where": "Saint-Gabriel"
      }
    },
    {
      "type": "Feature",
      "id": "mtl64622",
      "geometry": {
        "type": "Point",
        "coordinates": [
          -73.566516,
          45.477875
        ]
      },
      "properties": {
        "name": "Honey locust",
        "species": "Gleditsia triacanthos var. inermis",
        "tier": "caution",
        "notes": "Sweet pulp inside the long twisted pods is edible — but do NOT confuse it with the TOXIC Kentucky coffeetree (thick flat pods) or black locust. Honey locust has fine branching thorns and tiny leaflets.",
        "source": "montreal",
        "mtl": "https://donnees.montreal.ca/dataset/arbres",
        "where": "Saint-Gabriel"
      }
    },
    {
      "type": "Feature",
      "id": "mtl64623",
      "geometry": {
        "type": "Point",
        "coordinates": [
          -73.56645,
          45.477901
        ]
      },
      "properties": {
        "name": "Serviceberry",
        "species": "Amelanchier canadensis",
        "tier": "snack",
        "notes": "Sweet blueberry-like pomes in late June — eat raw off the branch before the birds strip them.",
        "source": "montreal",
        "mtl": "https://donnees.montreal.ca/dataset/arbres",
        "where": "Saint-Gabriel",
        "planted": "2023",
        "plant": "serviceberry"
      }
    },
    {
      "type": "Feature",
      "id": "mtl64628",
      "geometry": {
        "type": "Point",
        "coordinates": [
          -73.566916,
          45.477865
        ]
      },
      "properties": {
        "name": "Linden",
        "species": "Tilia americana",
        "tier": "snack",
        "notes": "Young heart-shaped leaves are a mild salad green in spring; the fragrant flowers make a calming tea.",
        "source": "montreal",
        "mtl": "https://donnees.montreal.ca/dataset/arbres",
        "where": "Saint-Gabriel",
        "plant": "linden"
      }
    },
    {
      "type": "Feature",
      "id": "mtl64631",
      "geometry": {
        "type": "Point",
        "coordinates": [
          -73.566691,
          45.477891
        ]
      },
      "properties": {
        "name": "Hackberry",
        "species": "Celtis occidentalis",
        "tier": "snack",
        "notes": "Small orange-brown drupes in fall — thin sweet date-like flesh over a crunchable seed. Eat whole.",
        "source": "montreal",
        "mtl": "https://donnees.montreal.ca/dataset/arbres",
        "where": "Saint-Gabriel"
      }
    },
    {
      "type": "Feature",
      "id": "mtl64665",
      "geometry": {
        "type": "Point",
        "coordinates": [
          -73.565711,
          45.478308
        ]
      },
      "properties": {
        "name": "Beech",
        "species": "Fagus grandifolia",
        "tier": "prep",
        "notes": "Beechnuts in fall are edible in small amounts raw, better roasted; the raw nut skin is mildly bitter/laxative in quantity.",
        "source": "montreal",
        "mtl": "https://donnees.montreal.ca/dataset/arbres",
        "where": "Saint-Gabriel",
        "planted": "2024"
      }
    },
    {
      "type": "Feature",
      "id": "mtl64680",
      "geometry": {
        "type": "Point",
        "coordinates": [
          -73.567093,
          45.477684
        ]
      },
      "properties": {
        "name": "Oak (acorns)",
        "species": "Quercus bicolor",
        "tier": "prep",
        "notes": "Gather sound acorns in fall; leach the ground meal in several changes of water to pull the tannins, then use as flour. White-oak group leaches easier.",
        "source": "montreal",
        "mtl": "https://donnees.montreal.ca/dataset/arbres",
        "where": "Saint-Gabriel",
        "planted": "2024"
      }
    },
    {
      "type": "Feature",
      "id": "mtl64687",
      "geometry": {
        "type": "Point",
        "coordinates": [
          -73.566441,
          45.478138
        ]
      },
      "properties": {
        "name": "Kentucky coffeetree",
        "species": "Gymnocladus dioicus",
        "tier": "avoid",
        "notes": "TOXIC raw — the pulp and seeds in the thick flat pods contain cytisine. (Roasting was a historical workaround, but treat it as do-not-eat.) Learn it so you don't mistake it for honey locust.",
        "source": "montreal",
        "mtl": "https://donnees.montreal.ca/dataset/arbres",
        "where": "Saint-Gabriel",
        "planted": "2024"
      }
    },
    {
      "type": "Feature",
      "id": "mtl64846",
      "geometry": {
        "type": "Point",
        "coordinates": [
          -73.591258,
          45.47047
        ]
      },
      "properties": {
        "name": "Crabapple / apple",
        "species": "Malus",
        "tier": "snack",
        "notes": "Street crabapples — taste one; most are tart but good, cook the sour ones into jelly. The city plants dozens of cultivars.",
        "source": "montreal",
        "mtl": "https://donnees.montreal.ca/dataset/arbres",
        "where": "Jacques-Couture",
        "plant": "apple"
      }
    },
    {
      "type": "Feature",
      "id": "mtl65088",
      "geometry": {
        "type": "Point",
        "coordinates": [
          -73.598598,
          45.44619
        ]
      },
      "properties": {
        "name": "Honey locust",
        "species": "Gleditsia triacanthos",
        "tier": "caution",
        "notes": "Sweet pulp inside the long twisted pods is edible — but do NOT confuse it with the TOXIC Kentucky coffeetree (thick flat pods) or black locust. Honey locust has fine branching thorns and tiny leaflets.",
        "source": "montreal",
        "mtl": "https://donnees.montreal.ca/dataset/arbres",
        "where": "Trinitaires, Boul. Des"
      }
    },
    {
      "type": "Feature",
      "id": "mtl65251",
      "geometry": {
        "type": "Point",
        "coordinates": [
          -73.597512,
          45.456002
        ]
      },
      "properties": {
        "name": "Walnut / butternut",
        "species": "Juglans cinerea",
        "tier": "prep",
        "notes": "Husk and cure the nuts in fall — the husks stain everything, wear gloves. Butternut (J. cinerea) is milder than black walnut.",
        "source": "montreal",
        "mtl": "https://donnees.montreal.ca/dataset/arbres",
        "where": "Saint-John-Bosco"
      }
    },
    {
      "type": "Feature",
      "id": "mtl65310",
      "geometry": {
        "type": "Point",
        "coordinates": [
          -73.593362,
          45.460769
        ]
      },
      "properties": {
        "name": "Oak (acorns)",
        "species": "Quercus rubra",
        "tier": "prep",
        "notes": "Gather sound acorns in fall; leach the ground meal in several changes of water to pull the tannins, then use as flour. White-oak group leaches easier.",
        "source": "montreal",
        "mtl": "https://donnees.montreal.ca/dataset/arbres",
        "where": "Émery-Sauvé"
      }
    },
    {
      "type": "Feature",
      "id": "mtl65369",
      "geometry": {
        "type": "Point",
        "coordinates": [
          -73.590285,
          45.450575
        ]
      },
      "properties": {
        "name": "Beech",
        "species": "Fagus sylvatica",
        "tier": "prep",
        "notes": "Beechnuts in fall are edible in small amounts raw, better roasted; the raw nut skin is mildly bitter/laxative in quantity.",
        "source": "montreal",
        "mtl": "https://donnees.montreal.ca/dataset/arbres",
        "where": "Clifford",
        "planted": "2020"
      }
    },
    {
      "type": "Feature",
      "id": "mtl65474",
      "geometry": {
        "type": "Point",
        "coordinates": [
          -73.588474,
          45.449792
        ]
      },
      "properties": {
        "name": "Hawthorn",
        "species": "Crataegus",
        "tier": "snack",
        "notes": "Red haws off the tree in fall — nibble the thin flesh, spit the seeds (never chew them).",
        "source": "montreal",
        "mtl": "https://donnees.montreal.ca/dataset/arbres",
        "where": "Clifford"
      }
    },
    {
      "type": "Feature",
      "id": "mtl65477",
      "geometry": {
        "type": "Point",
        "coordinates": [
          -73.588763,
          45.449582
        ]
      },
      "properties": {
        "name": "Linden",
        "species": "Tilia cordata 'Greenspire'",
        "tier": "snack",
        "notes": "Young heart-shaped leaves are a mild salad green in spring; the fragrant flowers make a calming tea.",
        "source": "montreal",
        "mtl": "https://donnees.montreal.ca/dataset/arbres",
        "where": "Clifford",
        "plant": "linden"
      }
    },
    {
      "type": "Feature",
      "id": "mtl65585",
      "geometry": {
        "type": "Point",
        "coordinates": [
          -73.584177,
          45.461239
        ]
      },
      "properties": {
        "name": "Birch",
        "species": "Betula alleghaniensis",
        "tier": "prep",
        "notes": "Tap the sap in early spring (boil down for birch syrup) and the aromatic inner bark/twigs for tea. A sap, not a snack.",
        "source": "montreal",
        "mtl": "https://donnees.montreal.ca/dataset/arbres",
        "where": "Saint-Paul",
        "planted": "2024"
      }
    },
    {
      "type": "Feature",
      "id": "mtl65620",
      "geometry": {
        "type": "Point",
        "coordinates": [
          -73.551548,
          45.478431
        ]
      },
      "properties": {
        "name": "Ginkgo",
        "species": "Ginkgo biloba",
        "tier": "caution",
        "notes": "Only female trees fruit; the fallen flesh reeks and blisters skin (handle with gloves). The inner nut is edible COOKED and in small amounts only — raw/excess is toxic. Most street ginkgos are fruitless male cultivars.",
        "source": "montreal",
        "mtl": "https://donnees.montreal.ca/dataset/arbres",
        "where": "Frank-Selke/Charon",
        "planted": "2023"
      }
    },
    {
      "type": "Feature",
      "id": "mtl65656",
      "geometry": {
        "type": "Point",
        "coordinates": [
          -73.578119,
          45.479798
        ]
      },
      "properties": {
        "name": "Cherry / chokecherry",
        "species": "Prunus virginiana 'Schubert'",
        "tier": "prep",
        "notes": "Chokecherry & black cherry — cook the ripe fruit for jelly/syrup; astringent raw and the pits are cyanogenic. Never eat the pits.",
        "source": "montreal",
        "mtl": "https://donnees.montreal.ca/dataset/arbres",
        "where": "Victor-Rousselot"
      }
    },
    {
      "type": "Feature",
      "id": "mtl65886",
      "geometry": {
        "type": "Point",
        "coordinates": [
          -73.595185,
          45.449549
        ]
      },
      "properties": {
        "name": "Black maple",
        "species": "Acer nigrum",
        "tier": "prep",
        "notes": "Sugar-maple's twin — tap and boil the sap to syrup exactly the same way.",
        "source": "montreal",
        "mtl": "https://donnees.montreal.ca/dataset/arbres",
        "where": "Curé-Albert-Arnold, Du"
      }
    },
    {
      "type": "Feature",
      "id": "mtl65898",
      "geometry": {
        "type": "Point",
        "coordinates": [
          -73.595788,
          45.449913
        ]
      },
      "properties": {
        "name": "Beech",
        "species": "Fagus sylvatica",
        "tier": "prep",
        "notes": "Beechnuts in fall are edible in small amounts raw, better roasted; the raw nut skin is mildly bitter/laxative in quantity.",
        "source": "montreal",
        "mtl": "https://donnees.montreal.ca/dataset/arbres",
        "where": "Curé-Albert-Arnold, Du",
        "planted": "2020"
      }
    },
    {
      "type": "Feature",
      "id": "mtl65981",
      "geometry": {
        "type": "Point",
        "coordinates": [
          -73.596458,
          45.449202
        ]
      },
      "properties": {
        "name": "Sugar maple",
        "species": "Acer saccharum",
        "tier": "prep",
        "notes": "Tap in the Feb–Mar freeze/thaw and boil the sap to syrup — ~40:1. Needs a spile, bucket, and a lot of firewood.",
        "source": "montreal",
        "mtl": "https://donnees.montreal.ca/dataset/arbres",
        "where": "Saint-Jean-De-Matha"
      }
    },
    {
      "type": "Feature",
      "id": "mtl66109",
      "geometry": {
        "type": "Point",
        "coordinates": [
          -73.58623,
          45.473071
        ]
      },
      "properties": {
        "name": "Hickory",
        "species": "Carya cordiformis",
        "tier": "prep",
        "notes": "Shagbark (C. ovata) nuts are sweet — crack and pick; bitternut (C. cordiformis) is too bitter to bother. Bark makes a syrup.",
        "source": "montreal",
        "mtl": "https://donnees.montreal.ca/dataset/arbres",
        "where": "Sir-Georges-Étienne-Cartier",
        "planted": "2022"
      }
    },
    {
      "type": "Feature",
      "id": "mtl66156",
      "geometry": {
        "type": "Point",
        "coordinates": [
          -73.587163,
          45.473502
        ]
      },
      "properties": {
        "name": "Hickory",
        "species": "Carya cordiformis",
        "tier": "prep",
        "notes": "Shagbark (C. ovata) nuts are sweet — crack and pick; bitternut (C. cordiformis) is too bitter to bother. Bark makes a syrup.",
        "source": "montreal",
        "mtl": "https://donnees.montreal.ca/dataset/arbres",
        "where": "Sir-Georges-Étienne-Cartier",
        "planted": "2022"
      }
    },
    {
      "type": "Feature",
      "id": "mtl66375",
      "geometry": {
        "type": "Point",
        "coordinates": [
          -73.594146,
          45.455796
        ]
      },
      "properties": {
        "name": "Sugar maple",
        "species": "Acer saccharum",
        "tier": "prep",
        "notes": "Tap in the Feb–Mar freeze/thaw and boil the sap to syrup — ~40:1. Needs a spile, bucket, and a lot of firewood.",
        "source": "montreal",
        "mtl": "https://donnees.montreal.ca/dataset/arbres",
        "where": "Garneau"
      }
    },
    {
      "type": "Feature",
      "id": "mtl66380",
      "geometry": {
        "type": "Point",
        "coordinates": [
          -73.594042,
          45.455471
        ]
      },
      "properties": {
        "name": "Horse-chestnut",
        "species": "Aesculus x hybrida",
        "tier": "avoid",
        "notes": "TOXIC — the shiny conkers are NOT the edible sweet chestnut (Castanea, which the city doesn't plant here). Do not eat.",
        "source": "montreal",
        "mtl": "https://donnees.montreal.ca/dataset/arbres",
        "where": "Garneau",
        "planted": "2025"
      }
    },
    {
      "type": "Feature",
      "id": "mtl66414",
      "geometry": {
        "type": "Point",
        "coordinates": [
          -73.585399,
          45.471455
        ]
      },
      "properties": {
        "name": "Hawthorn",
        "species": "Crataegus",
        "tier": "snack",
        "notes": "Red haws off the tree in fall — nibble the thin flesh, spit the seeds (never chew them).",
        "source": "montreal",
        "mtl": "https://donnees.montreal.ca/dataset/arbres",
        "where": "Saint-Ambroise/De Courcelle"
      }
    },
    {
      "type": "Feature",
      "id": "mtl66446",
      "geometry": {
        "type": "Point",
        "coordinates": [
          -73.595487,
          45.467046
        ]
      },
      "properties": {
        "name": "Crabapple / apple",
        "species": "Malus",
        "tier": "snack",
        "notes": "Street crabapples — taste one; most are tart but good, cook the sour ones into jelly. The city plants dozens of cultivars.",
        "source": "montreal",
        "mtl": "https://donnees.montreal.ca/dataset/arbres",
        "where": "Gadbois",
        "plant": "apple"
      }
    },
    {
      "type": "Feature",
      "id": "mtl66467",
      "geometry": {
        "type": "Point",
        "coordinates": [
          -73.593916,
          45.4717
        ]
      },
      "properties": {
        "name": "Linden",
        "species": "Tilia tomentosa",
        "tier": "snack",
        "notes": "Young heart-shaped leaves are a mild salad green in spring; the fragrant flowers make a calming tea.",
        "source": "montreal",
        "mtl": "https://donnees.montreal.ca/dataset/arbres",
        "where": "Village-Turcot, Du",
        "planted": "2023",
        "plant": "linden"
      }
    },
    {
      "type": "Feature",
      "id": "mtl66477",
      "geometry": {
        "type": "Point",
        "coordinates": [
          -73.594096,
          45.471621
        ]
      },
      "properties": {
        "name": "Black locust",
        "species": "Robinia pseudoacacia 'Purple Robe'",
        "tier": "caution",
        "notes": "The flowers are edible (fritters); everything else — bark, leaves, pods, seeds — is TOXIC. Take only the blossoms, and be sure it's not a look-alike.",
        "source": "montreal",
        "mtl": "https://donnees.montreal.ca/dataset/arbres",
        "where": "Village-Turcot, Du",
        "planted": "2023"
      }
    },
    {
      "type": "Feature",
      "id": "mtl66479",
      "geometry": {
        "type": "Point",
        "coordinates": [
          -73.594132,
          45.47166
        ]
      },
      "properties": {
        "name": "Serviceberry",
        "species": "Amelanchier canadensis",
        "tier": "snack",
        "notes": "Sweet blueberry-like pomes in late June — eat raw off the branch before the birds strip them.",
        "source": "montreal",
        "mtl": "https://donnees.montreal.ca/dataset/arbres",
        "where": "Village-Turcot, Du",
        "planted": "2023",
        "plant": "serviceberry"
      }
    },
    {
      "type": "Feature",
      "id": "mtl66728",
      "geometry": {
        "type": "Point",
        "coordinates": [
          -73.581137,
          45.457696
        ]
      },
      "properties": {
        "name": "Hawthorn",
        "species": "Crataegus x mordenensis 'Snowbird'",
        "tier": "snack",
        "notes": "Red haws off the tree in fall — nibble the thin flesh, spit the seeds (never chew them).",
        "source": "montreal",
        "mtl": "https://donnees.montreal.ca/dataset/arbres",
        "where": "De La Vérendrye"
      }
    },
    {
      "type": "Feature",
      "id": "mtl66915",
      "geometry": {
        "type": "Point",
        "coordinates": [
          -73.589013,
          45.457645
        ]
      },
      "properties": {
        "name": "Birch",
        "species": "Betula nigra 'Heritage'",
        "tier": "prep",
        "notes": "Tap the sap in early spring (boil down for birch syrup) and the aromatic inner bark/twigs for tea. A sap, not a snack.",
        "source": "montreal",
        "mtl": "https://donnees.montreal.ca/dataset/arbres",
        "where": "Campbell-Ouest",
        "planted": "2025"
      }
    },
    {
      "type": "Feature",
      "id": "mtl67103",
      "geometry": {
        "type": "Point",
        "coordinates": [
          -73.584083,
          45.479091
        ]
      },
      "properties": {
        "name": "Hawthorn",
        "species": "Crataegus",
        "tier": "snack",
        "notes": "Red haws off the tree in fall — nibble the thin flesh, spit the seeds (never chew them).",
        "source": "montreal",
        "mtl": "https://donnees.montreal.ca/dataset/arbres",
        "where": "Premier-Chemin-De-Fer, Du"
      }
    },
    {
      "type": "Feature",
      "id": "mtl67502",
      "geometry": {
        "type": "Point",
        "coordinates": [
          -73.581498,
          45.476409
        ]
      },
      "properties": {
        "name": "Honey locust",
        "species": "Gleditsia triacanthos var. inermis",
        "tier": "caution",
        "notes": "Sweet pulp inside the long twisted pods is edible — but do NOT confuse it with the TOXIC Kentucky coffeetree (thick flat pods) or black locust. Honey locust has fine branching thorns and tiny leaflets.",
        "source": "montreal",
        "mtl": "https://donnees.montreal.ca/dataset/arbres",
        "where": "Louis-Cyr"
      }
    },
    {
      "type": "Feature",
      "id": "mtl67609",
      "geometry": {
        "type": "Point",
        "coordinates": [
          -73.553366,
          45.478353
        ]
      },
      "properties": {
        "name": "Beech",
        "species": "Fagus sylvatica",
        "tier": "prep",
        "notes": "Beechnuts in fall are edible in small amounts raw, better roasted; the raw nut skin is mildly bitter/laxative in quantity.",
        "source": "montreal",
        "mtl": "https://donnees.montreal.ca/dataset/arbres",
        "where": "Le Ber",
        "planted": "2020"
      }
    },
    {
      "type": "Feature",
      "id": "mtl67650",
      "geometry": {
        "type": "Point",
        "coordinates": [
          -73.552079,
          45.477815
        ]
      },
      "properties": {
        "name": "Hackberry",
        "species": "Celtis occidentalis",
        "tier": "snack",
        "notes": "Small orange-brown drupes in fall — thin sweet date-like flesh over a crunchable seed. Eat whole.",
        "source": "montreal",
        "mtl": "https://donnees.montreal.ca/dataset/arbres",
        "where": "Le Ber",
        "planted": "2007"
      }
    },
    {
      "type": "Feature",
      "id": "mtl67655",
      "geometry": {
        "type": "Point",
        "coordinates": [
          -73.552627,
          45.478008
        ]
      },
      "properties": {
        "name": "Oak (acorns)",
        "species": "Quercus rubra",
        "tier": "prep",
        "notes": "Gather sound acorns in fall; leach the ground meal in several changes of water to pull the tannins, then use as flour. White-oak group leaches easier.",
        "source": "montreal",
        "mtl": "https://donnees.montreal.ca/dataset/arbres",
        "where": "Le Ber",
        "planted": "2007"
      }
    },
    {
      "type": "Feature",
      "id": "mtl67698",
      "geometry": {
        "type": "Point",
        "coordinates": [
          -73.591112,
          45.477021
        ]
      },
      "properties": {
        "name": "Rowan",
        "species": "Sorbus aucuparia 'Rossica'",
        "tier": "prep",
        "notes": "Cook the orange berries into a tart jelly after frost — raw they're astringent and mildly upsetting.",
        "source": "montreal",
        "mtl": "https://donnees.montreal.ca/dataset/arbres",
        "where": "Lacasse",
        "planted": "2008"
      }
    },
    {
      "type": "Feature",
      "id": "mtl68538",
      "geometry": {
        "type": "Point",
        "coordinates": [
          -73.572359,
          45.472269
        ]
      },
      "properties": {
        "name": "Horse-chestnut",
        "species": "Aesculus hippocastanum",
        "tier": "avoid",
        "notes": "TOXIC — the shiny conkers are NOT the edible sweet chestnut (Castanea, which the city doesn't plant here). Do not eat.",
        "source": "montreal",
        "mtl": "https://donnees.montreal.ca/dataset/arbres",
        "where": "Aqueduc De Montréal"
      }
    },
    {
      "type": "Feature",
      "id": "mtl68607",
      "geometry": {
        "type": "Point",
        "coordinates": [
          -73.576098,
          45.470494
        ]
      },
      "properties": {
        "name": "Horse-chestnut",
        "species": "Aesculus hippocastanum",
        "tier": "avoid",
        "notes": "TOXIC — the shiny conkers are NOT the edible sweet chestnut (Castanea, which the city doesn't plant here). Do not eat.",
        "source": "montreal",
        "mtl": "https://donnees.montreal.ca/dataset/arbres",
        "where": "Aqueduc De Montréal"
      }
    },
    {
      "type": "Feature",
      "id": "mtl68622",
      "geometry": {
        "type": "Point",
        "coordinates": [
          -73.591832,
          45.465885
        ]
      },
      "properties": {
        "name": "Linden",
        "species": "Tilia cordata 'Sheridan'",
        "tier": "snack",
        "notes": "Young heart-shaped leaves are a mild salad green in spring; the fragrant flowers make a calming tea.",
        "source": "montreal",
        "mtl": "https://donnees.montreal.ca/dataset/arbres",
        "where": "Parc Des Écluses-De-La-Côte-Saint-Paul",
        "planted": "2015",
        "plant": "linden"
      }
    },
    {
      "type": "Feature",
      "id": "mtl68694",
      "geometry": {
        "type": "Point",
        "coordinates": [
          -73.576684,
          45.478244
        ]
      },
      "properties": {
        "name": "Sugar maple",
        "species": "Acer saccharum",
        "tier": "prep",
        "notes": "Tap in the Feb–Mar freeze/thaw and boil the sap to syrup — ~40:1. Needs a spile, bucket, and a lot of firewood.",
        "source": "montreal",
        "mtl": "https://donnees.montreal.ca/dataset/arbres",
        "where": "Place Du Marché Sud"
      }
    },
    {
      "type": "Feature",
      "id": "mtl68768",
      "geometry": {
        "type": "Point",
        "coordinates": [
          -73.574849,
          45.471417
        ]
      },
      "properties": {
        "name": "Hazelnut",
        "species": "Corylus",
        "tier": "snack",
        "notes": "Filberts in late summer — crack and eat raw once the husks brown.",
        "source": "montreal",
        "mtl": "https://donnees.montreal.ca/dataset/arbres",
        "where": "Aqueduc De Montréal"
      }
    },
    {
      "type": "Feature",
      "id": "mtl68809",
      "geometry": {
        "type": "Point",
        "coordinates": [
          -73.571787,
          45.471709
        ]
      },
      "properties": {
        "name": "Crabapple / apple",
        "species": "Malus",
        "tier": "snack",
        "notes": "Street crabapples — taste one; most are tart but good, cook the sour ones into jelly. The city plants dozens of cultivars.",
        "source": "montreal",
        "mtl": "https://donnees.montreal.ca/dataset/arbres",
        "where": "Aqueduc De Montréal",
        "plant": "apple"
      }
    },
    {
      "type": "Feature",
      "id": "mtl68857",
      "geometry": {
        "type": "Point",
        "coordinates": [
          -73.572308,
          45.471346
        ]
      },
      "properties": {
        "name": "Hawthorn",
        "species": "Crataegus",
        "tier": "snack",
        "notes": "Red haws off the tree in fall — nibble the thin flesh, spit the seeds (never chew them).",
        "source": "montreal",
        "mtl": "https://donnees.montreal.ca/dataset/arbres",
        "where": "Aqueduc De Montréal"
      }
    },
    {
      "type": "Feature",
      "id": "mtl68859",
      "geometry": {
        "type": "Point",
        "coordinates": [
          -73.572538,
          45.471315
        ]
      },
      "properties": {
        "name": "Hawthorn",
        "species": "Crataegus",
        "tier": "snack",
        "notes": "Red haws off the tree in fall — nibble the thin flesh, spit the seeds (never chew them).",
        "source": "montreal",
        "mtl": "https://donnees.montreal.ca/dataset/arbres",
        "where": "Aqueduc De Montréal"
      }
    },
    {
      "type": "Feature",
      "id": "mtl68911",
      "geometry": {
        "type": "Point",
        "coordinates": [
          -73.585767,
          45.477598
        ]
      },
      "properties": {
        "name": "Ginkgo",
        "species": "Ginkgo biloba",
        "tier": "caution",
        "notes": "Only female trees fruit; the fallen flesh reeks and blisters skin (handle with gloves). The inner nut is edible COOKED and in small amounts only — raw/excess is toxic. Most street ginkgos are fruitless male cultivars.",
        "source": "montreal",
        "mtl": "https://donnees.montreal.ca/dataset/arbres",
        "where": "Saint-Henri, Place",
        "planted": "2024"
      }
    },
    {
      "type": "Feature",
      "id": "mtl68931",
      "geometry": {
        "type": "Point",
        "coordinates": [
          -73.588566,
          45.469686
        ]
      },
      "properties": {
        "name": "Pear",
        "species": "Pyrus ussuriensis",
        "tier": "snack",
        "notes": "Most street pears are ornamental Callery — tiny hard fruit, only edible frost-softened. The odd 'Bartlett' is a real pear.",
        "source": "montreal",
        "mtl": "https://donnees.montreal.ca/dataset/arbres",
        "where": "Saint-Rémi, Tunnel Nord",
        "planted": "2025"
      }
    },
    {
      "type": "Feature",
      "id": "mtl69256",
      "geometry": {
        "type": "Point",
        "coordinates": [
          -73.588984,
          45.475301
        ]
      },
      "properties": {
        "name": "Oak (acorns)",
        "species": "Quercus robur 'Fastigiata'",
        "tier": "prep",
        "notes": "Gather sound acorns in fall; leach the ground meal in several changes of water to pull the tannins, then use as flour. White-oak group leaches easier.",
        "source": "montreal",
        "mtl": "https://donnees.montreal.ca/dataset/arbres",
        "where": "Piste Cyclable De Courcelle"
      }
    },
    {
      "type": "Feature",
      "id": "mtl69297",
      "geometry": {
        "type": "Point",
        "coordinates": [
          -73.58998,
          45.475194
        ]
      },
      "properties": {
        "name": "Cherry / chokecherry",
        "species": "Prunus virginiana 'Canada Red'",
        "tier": "prep",
        "notes": "Chokecherry & black cherry — cook the ripe fruit for jelly/syrup; astringent raw and the pits are cyanogenic. Never eat the pits.",
        "source": "montreal",
        "mtl": "https://donnees.montreal.ca/dataset/arbres",
        "where": "Émile-Berliner",
        "planted": "2011"
      }
    },
    {
      "type": "Feature",
      "id": "mtl69420",
      "geometry": {
        "type": "Point",
        "coordinates": [
          -73.551974,
          45.47732
        ]
      },
      "properties": {
        "name": "Sugar maple",
        "species": "Acer saccharum",
        "tier": "prep",
        "notes": "Tap in the Feb–Mar freeze/thaw and boil the sap to syrup — ~40:1. Needs a spile, bucket, and a lot of firewood.",
        "source": "montreal",
        "mtl": "https://donnees.montreal.ca/dataset/arbres",
        "where": "Le Ber"
      }
    },
    {
      "type": "Feature",
      "id": "mtl69470",
      "geometry": {
        "type": "Point",
        "coordinates": [
          -73.554316,
          45.478124
        ]
      },
      "properties": {
        "name": "Honey locust",
        "species": "Gleditsia triacanthos var. inermis",
        "tier": "caution",
        "notes": "Sweet pulp inside the long twisted pods is edible — but do NOT confuse it with the TOXIC Kentucky coffeetree (thick flat pods) or black locust. Honey locust has fine branching thorns and tiny leaflets.",
        "source": "montreal",
        "mtl": "https://donnees.montreal.ca/dataset/arbres",
        "where": "Le Ber"
      }
    },
    {
      "type": "Feature",
      "id": "mtl69565",
      "geometry": {
        "type": "Point",
        "coordinates": [
          -73.598971,
          45.445798
        ]
      },
      "properties": {
        "name": "Hickory",
        "species": "Carya",
        "tier": "prep",
        "notes": "Shagbark (C. ovata) nuts are sweet — crack and pick; bitternut (C. cordiformis) is too bitter to bother. Bark makes a syrup.",
        "source": "montreal",
        "mtl": "https://donnees.montreal.ca/dataset/arbres",
        "where": "Angrignon"
      }
    },
    {
      "type": "Feature",
      "id": "mtl69640",
      "geometry": {
        "type": "Point",
        "coordinates": [
          -73.597662,
          45.445681
        ]
      },
      "properties": {
        "name": "Hickory",
        "species": "Carya cordiformis",
        "tier": "prep",
        "notes": "Shagbark (C. ovata) nuts are sweet — crack and pick; bitternut (C. cordiformis) is too bitter to bother. Bark makes a syrup.",
        "source": "montreal",
        "mtl": "https://donnees.montreal.ca/dataset/arbres",
        "where": "Angrignon",
        "planted": "2022"
      }
    },
    {
      "type": "Feature",
      "id": "mtl70191",
      "geometry": {
        "type": "Point",
        "coordinates": [
          -73.595279,
          45.443394
        ]
      },
      "properties": {
        "name": "Hawthorn",
        "species": "Crataegus",
        "tier": "snack",
        "notes": "Red haws off the tree in fall — nibble the thin flesh, spit the seeds (never chew them).",
        "source": "montreal",
        "mtl": "https://donnees.montreal.ca/dataset/arbres",
        "where": "Angrignon"
      }
    },
    {
      "type": "Feature",
      "id": "mtl70298",
      "geometry": {
        "type": "Point",
        "coordinates": [
          -73.596191,
          45.443244
        ]
      },
      "properties": {
        "name": "Linden",
        "species": "Tilia americana",
        "tier": "snack",
        "notes": "Young heart-shaped leaves are a mild salad green in spring; the fragrant flowers make a calming tea.",
        "source": "montreal",
        "mtl": "https://donnees.montreal.ca/dataset/arbres",
        "where": "Angrignon",
        "planted": "2022",
        "plant": "linden"
      }
    },
    {
      "type": "Feature",
      "id": "mtl70317",
      "geometry": {
        "type": "Point",
        "coordinates": [
          -73.575065,
          45.477071
        ]
      },
      "properties": {
        "name": "Kentucky coffeetree",
        "species": "Gymnocladus dioicus",
        "tier": "avoid",
        "notes": "TOXIC raw — the pulp and seeds in the thick flat pods contain cytisine. (Roasting was a historical workaround, but treat it as do-not-eat.) Learn it so you don't mistake it for honey locust.",
        "source": "montreal",
        "mtl": "https://donnees.montreal.ca/dataset/arbres",
        "where": "Atwater, Tunnel Sud",
        "planted": "2023"
      }
    },
    {
      "type": "Feature",
      "id": "mtl70371",
      "geometry": {
        "type": "Point",
        "coordinates": [
          -73.554689,
          45.477165
        ]
      },
      "properties": {
        "name": "Hackberry",
        "species": "Celtis occidentalis",
        "tier": "snack",
        "notes": "Small orange-brown drupes in fall — thin sweet date-like flesh over a crunchable seed. Eat whole.",
        "source": "montreal",
        "mtl": "https://donnees.montreal.ca/dataset/arbres",
        "where": "Le Ber",
        "planted": "2008"
      }
    },
    {
      "type": "Feature",
      "id": "mtl70505",
      "geometry": {
        "type": "Point",
        "coordinates": [
          -73.572473,
          45.4697
        ]
      },
      "properties": {
        "name": "Oak (acorns)",
        "species": "Quercus robur 'Fastigiata'",
        "tier": "prep",
        "notes": "Gather sound acorns in fall; leach the ground meal in several changes of water to pull the tannins, then use as flour. White-oak group leaches easier.",
        "source": "montreal",
        "mtl": "https://donnees.montreal.ca/dataset/arbres",
        "where": "Aqueduc De Montréal",
        "planted": "2009"
      }
    },
    {
      "type": "Feature",
      "id": "mtl70555",
      "geometry": {
        "type": "Point",
        "coordinates": [
          -73.587889,
          45.469127
        ]
      },
      "properties": {
        "name": "Crabapple / apple",
        "species": "Malus prunifolia 'Rinki'",
        "tier": "snack",
        "notes": "Street crabapples — taste one; most are tart but good, cook the sour ones into jelly. The city plants dozens of cultivars.",
        "source": "montreal",
        "mtl": "https://donnees.montreal.ca/dataset/arbres",
        "where": "Saint-Rémi, Tunnel Nord",
        "planted": "2009",
        "plant": "apple"
      }
    },
    {
      "type": "Feature",
      "id": "mtl70558",
      "geometry": {
        "type": "Point",
        "coordinates": [
          -73.590799,
          45.474244
        ]
      },
      "properties": {
        "name": "Birch",
        "species": "Betula nigra 'Heritage'",
        "tier": "prep",
        "notes": "Tap the sap in early spring (boil down for birch syrup) and the aromatic inner bark/twigs for tea. A sap, not a snack.",
        "source": "montreal",
        "mtl": "https://donnees.montreal.ca/dataset/arbres",
        "where": "Piste Cyclable De Courcelle",
        "planted": "2021"
      }
    },
    {
      "type": "Feature",
      "id": "mtl70643",
      "geometry": {
        "type": "Point",
        "coordinates": [
          -73.581675,
          45.458995
        ]
      },
      "properties": {
        "name": "Walnut / butternut",
        "species": "Juglans nigra",
        "tier": "prep",
        "notes": "Husk and cure the nuts in fall — the husks stain everything, wear gloves. Butternut (J. cinerea) is milder than black walnut.",
        "source": "montreal",
        "mtl": "https://donnees.montreal.ca/dataset/arbres",
        "where": "De La Vérendrye",
        "planted": "2010"
      }
    },
    {
      "type": "Feature",
      "id": "mtl70655",
      "geometry": {
        "type": "Point",
        "coordinates": [
          -73.581734,
          45.458603
        ]
      },
      "properties": {
        "name": "Horse-chestnut",
        "species": "Aesculus hippocastanum",
        "tier": "avoid",
        "notes": "TOXIC — the shiny conkers are NOT the edible sweet chestnut (Castanea, which the city doesn't plant here). Do not eat.",
        "source": "montreal",
        "mtl": "https://donnees.montreal.ca/dataset/arbres",
        "where": "De La Vérendrye",
        "planted": "2010"
      }
    },
    {
      "type": "Feature",
      "id": "mtl70726",
      "geometry": {
        "type": "Point",
        "coordinates": [
          -73.571887,
          45.476295
        ]
      },
      "properties": {
        "name": "Sugar maple",
        "species": "Acer saccharum",
        "tier": "prep",
        "notes": "Tap in the Feb–Mar freeze/thaw and boil the sap to syrup — ~40:1. Needs a spile, bucket, and a lot of firewood.",
        "source": "montreal",
        "mtl": "https://donnees.montreal.ca/dataset/arbres",
        "where": "Argenson, D'",
        "planted": "2010"
      }
    },
    {
      "type": "Feature",
      "id": "mtl70739",
      "geometry": {
        "type": "Point",
        "coordinates": [
          -73.572633,
          45.47569
        ]
      },
      "properties": {
        "name": "Sugar maple",
        "species": "Acer saccharum",
        "tier": "prep",
        "notes": "Tap in the Feb–Mar freeze/thaw and boil the sap to syrup — ~40:1. Needs a spile, bucket, and a lot of firewood.",
        "source": "montreal",
        "mtl": "https://donnees.montreal.ca/dataset/arbres",
        "where": "Argenson, D'",
        "planted": "2010"
      }
    },
    {
      "type": "Feature",
      "id": "mtl70835",
      "geometry": {
        "type": "Point",
        "coordinates": [
          -73.558344,
          45.474496
        ]
      },
      "properties": {
        "name": "Hickory",
        "species": "Carya cordiformis",
        "tier": "prep",
        "notes": "Shagbark (C. ovata) nuts are sweet — crack and pick; bitternut (C. cordiformis) is too bitter to bother. Bark makes a syrup.",
        "source": "montreal",
        "mtl": "https://donnees.montreal.ca/dataset/arbres",
        "where": "Marguerite-Bourgeoys",
        "planted": "2022"
      }
    },
    {
      "type": "Feature",
      "id": "mtl70920",
      "geometry": {
        "type": "Point",
        "coordinates": [
          -73.594982,
          45.457563
        ]
      },
      "properties": {
        "name": "Birch",
        "species": "Betula nigra",
        "tier": "prep",
        "notes": "Tap the sap in early spring (boil down for birch syrup) and the aromatic inner bark/twigs for tea. A sap, not a snack.",
        "source": "montreal",
        "mtl": "https://donnees.montreal.ca/dataset/arbres",
        "where": "Autoparc No 088",
        "planted": "2012"
      }
    },
    {
      "type": "Feature",
      "id": "mtl70969",
      "geometry": {
        "type": "Point",
        "coordinates": [
          -73.590161,
          45.450116
        ]
      },
      "properties": {
        "name": "Walnut / butternut",
        "species": "Juglans cinerea",
        "tier": "prep",
        "notes": "Husk and cure the nuts in fall — the husks stain everything, wear gloves. Butternut (J. cinerea) is milder than black walnut.",
        "source": "montreal",
        "mtl": "https://donnees.montreal.ca/dataset/arbres",
        "where": "Clifford",
        "planted": "2012"
      }
    },
    {
      "type": "Feature",
      "id": "mtl71059",
      "geometry": {
        "type": "Point",
        "coordinates": [
          -73.597132,
          45.46332
        ]
      },
      "properties": {
        "name": "Kentucky coffeetree",
        "species": "Gymnocladus dioicus",
        "tier": "avoid",
        "notes": "TOXIC raw — the pulp and seeds in the thick flat pods contain cytisine. (Roasting was a historical workaround, but treat it as do-not-eat.) Learn it so you don't mistake it for honey locust.",
        "source": "montreal",
        "mtl": "https://donnees.montreal.ca/dataset/arbres",
        "where": "Monk, Pont",
        "planted": "2012"
      }
    },
    {
      "type": "Feature",
      "id": "mtl71314",
      "geometry": {
        "type": "Point",
        "coordinates": [
          -73.581718,
          45.475955
        ]
      },
      "properties": {
        "name": "Black maple",
        "species": "Acer nigrum 'Green Column'",
        "tier": "prep",
        "notes": "Sugar-maple's twin — tap and boil the sap to syrup exactly the same way.",
        "source": "montreal",
        "mtl": "https://donnees.montreal.ca/dataset/arbres",
        "where": "Louis-Cyr",
        "planted": "2014"
      }
    },
    {
      "type": "Feature",
      "id": "mtl71493",
      "geometry": {
        "type": "Point",
        "coordinates": [
          -73.597522,
          45.442718
        ]
      },
      "properties": {
        "name": "Walnut / butternut",
        "species": "Juglans nigra",
        "tier": "prep",
        "notes": "Husk and cure the nuts in fall — the husks stain everything, wear gloves. Butternut (J. cinerea) is milder than black walnut.",
        "source": "montreal",
        "mtl": "https://donnees.montreal.ca/dataset/arbres",
        "where": "Angrignon",
        "planted": "2012"
      }
    },
    {
      "type": "Feature",
      "id": "mtl71546",
      "geometry": {
        "type": "Point",
        "coordinates": [
          -73.597822,
          45.442271
        ]
      },
      "properties": {
        "name": "Linden",
        "species": "Tilia americana 'Redmond'",
        "tier": "snack",
        "notes": "Young heart-shaped leaves are a mild salad green in spring; the fragrant flowers make a calming tea.",
        "source": "montreal",
        "mtl": "https://donnees.montreal.ca/dataset/arbres",
        "where": "Angrignon",
        "planted": "2012",
        "plant": "linden"
      }
    },
    {
      "type": "Feature",
      "id": "mtl71591",
      "geometry": {
        "type": "Point",
        "coordinates": [
          -73.597073,
          45.442385
        ]
      },
      "properties": {
        "name": "Cherry / chokecherry",
        "species": "Prunus serotina",
        "tier": "prep",
        "notes": "Chokecherry & black cherry — cook the ripe fruit for jelly/syrup; astringent raw and the pits are cyanogenic. Never eat the pits.",
        "source": "montreal",
        "mtl": "https://donnees.montreal.ca/dataset/arbres",
        "where": "Angrignon",
        "planted": "2012"
      }
    },
    {
      "type": "Feature",
      "id": "mtl71667",
      "geometry": {
        "type": "Point",
        "coordinates": [
          -73.593475,
          45.450769
        ]
      },
      "properties": {
        "name": "Pear",
        "species": "Pyrus calleryana 'Glen's Form (Chantecleer)",
        "tier": "snack",
        "notes": "Most street pears are ornamental Callery — tiny hard fruit, only edible frost-softened. The odd 'Bartlett' is a real pear.",
        "source": "montreal",
        "mtl": "https://donnees.montreal.ca/dataset/arbres",
        "where": "Monk",
        "planted": "2013"
      }
    },
    {
      "type": "Feature",
      "id": "mtl71716",
      "geometry": {
        "type": "Point",
        "coordinates": [
          -73.580974,
          45.460586
        ]
      },
      "properties": {
        "name": "Walnut / butternut",
        "species": "Juglans nigra",
        "tier": "prep",
        "notes": "Husk and cure the nuts in fall — the husks stain everything, wear gloves. Butternut (J. cinerea) is milder than black walnut.",
        "source": "montreal",
        "mtl": "https://donnees.montreal.ca/dataset/arbres",
        "where": "De La Vérendrye",
        "planted": "2015"
      }
    },
    {
      "type": "Feature",
      "id": "mtl71720",
      "geometry": {
        "type": "Point",
        "coordinates": [
          -73.58094,
          45.460516
        ]
      },
      "properties": {
        "name": "Hickory",
        "species": "Carya cordiformis",
        "tier": "prep",
        "notes": "Shagbark (C. ovata) nuts are sweet — crack and pick; bitternut (C. cordiformis) is too bitter to bother. Bark makes a syrup.",
        "source": "montreal",
        "mtl": "https://donnees.montreal.ca/dataset/arbres",
        "where": "De La Vérendrye",
        "planted": "2015"
      }
    },
    {
      "type": "Feature",
      "id": "mtl71762",
      "geometry": {
        "type": "Point",
        "coordinates": [
          -73.571433,
          45.476514
        ]
      },
      "properties": {
        "name": "Serviceberry",
        "species": "Amelanchier g. 'Princess Diana'",
        "tier": "snack",
        "notes": "Sweet blueberry-like pomes in late June — eat raw off the branch before the birds strip them.",
        "source": "montreal",
        "mtl": "https://donnees.montreal.ca/dataset/arbres",
        "where": "Argenson, D'",
        "planted": "2015",
        "plant": "serviceberry"
      }
    },
    {
      "type": "Feature",
      "id": "mtl71772",
      "geometry": {
        "type": "Point",
        "coordinates": [
          -73.571928,
          45.476535
        ]
      },
      "properties": {
        "name": "Staghorn sumac",
        "species": "Rhus typhina",
        "tier": "snack",
        "notes": "Steep the fuzzy red drupe cones in cold water for pink lemonade.",
        "source": "montreal",
        "mtl": "https://donnees.montreal.ca/dataset/arbres",
        "where": "Argenson, D'",
        "plant": "staghorn-sumac"
      }
    },
    {
      "type": "Feature",
      "id": "mtl71794",
      "geometry": {
        "type": "Point",
        "coordinates": [
          -73.59283,
          45.471293
        ]
      },
      "properties": {
        "name": "Hazelnut",
        "species": "Corylus colurna",
        "tier": "snack",
        "notes": "Filberts in late summer — crack and eat raw once the husks brown.",
        "source": "montreal",
        "mtl": "https://donnees.montreal.ca/dataset/arbres",
        "where": "Saint-Rémi/Côte-Saint-Paul",
        "planted": "2016"
      }
    },
    {
      "type": "Feature",
      "id": "mtl71799",
      "geometry": {
        "type": "Point",
        "coordinates": [
          -73.587859,
          45.470379
        ]
      },
      "properties": {
        "name": "Cherry / chokecherry",
        "species": "Prunus",
        "tier": "prep",
        "notes": "Chokecherry & black cherry — cook the ripe fruit for jelly/syrup; astringent raw and the pits are cyanogenic. Never eat the pits.",
        "source": "montreal",
        "mtl": "https://donnees.montreal.ca/dataset/arbres",
        "where": "Woonerf"
      }
    },
    {
      "type": "Feature",
      "id": "mtl71953",
      "geometry": {
        "type": "Point",
        "coordinates": [
          -73.582439,
          45.455341
        ]
      },
      "properties": {
        "name": "Hazelnut",
        "species": "Corylus colurna",
        "tier": "snack",
        "notes": "Filberts in late summer — crack and eat raw once the husks brown.",
        "source": "montreal",
        "mtl": "https://donnees.montreal.ca/dataset/arbres",
        "where": "De La Vérendrye",
        "planted": "2018"
      }
    },
    {
      "type": "Feature",
      "id": "mtl71995",
      "geometry": {
        "type": "Point",
        "coordinates": [
          -73.577532,
          45.477307
        ]
      },
      "properties": {
        "name": "Horse-chestnut",
        "species": "Aesculus glabra",
        "tier": "avoid",
        "notes": "TOXIC — the shiny conkers are NOT the edible sweet chestnut (Castanea, which the city doesn't plant here). Do not eat.",
        "source": "montreal",
        "mtl": "https://donnees.montreal.ca/dataset/arbres",
        "where": "Corroyeurs, Des",
        "planted": "2017"
      }
    },
    {
      "type": "Feature",
      "id": "mtl71999",
      "geometry": {
        "type": "Point",
        "coordinates": [
          -73.580658,
          45.479992
        ]
      },
      "properties": {
        "name": "Ginkgo",
        "species": "Ginkgo biloba",
        "tier": "caution",
        "notes": "Only female trees fruit; the fallen flesh reeks and blisters skin (handle with gloves). The inner nut is edible COOKED and in small amounts only — raw/excess is toxic. Most street ginkgos are fruitless male cultivars.",
        "source": "montreal",
        "mtl": "https://donnees.montreal.ca/dataset/arbres",
        "where": "Bonheur-D'Occasion, Du",
        "planted": "2017"
      }
    },
    {
      "type": "Feature",
      "id": "mtl72048",
      "geometry": {
        "type": "Point",
        "coordinates": [
          -73.594403,
          45.455337
        ]
      },
      "properties": {
        "name": "Hickory",
        "species": "Carya cordiformis",
        "tier": "prep",
        "notes": "Shagbark (C. ovata) nuts are sweet — crack and pick; bitternut (C. cordiformis) is too bitter to bother. Bark makes a syrup.",
        "source": "montreal",
        "mtl": "https://donnees.montreal.ca/dataset/arbres",
        "where": "Garneau",
        "planted": "2019"
      }
    },
    {
      "type": "Feature",
      "id": "mtl72102",
      "geometry": {
        "type": "Point",
        "coordinates": [
          -73.590753,
          45.450589
        ]
      },
      "properties": {
        "name": "Hickory",
        "species": "Carya cordiformis",
        "tier": "prep",
        "notes": "Shagbark (C. ovata) nuts are sweet — crack and pick; bitternut (C. cordiformis) is too bitter to bother. Bark makes a syrup.",
        "source": "montreal",
        "mtl": "https://donnees.montreal.ca/dataset/arbres",
        "where": "Clifford",
        "planted": "2020"
      }
    },
    {
      "type": "Feature",
      "id": "mtl72325",
      "geometry": {
        "type": "Point",
        "coordinates": [
          -73.594268,
          45.455287
        ]
      },
      "properties": {
        "name": "Serviceberry",
        "species": "Amelanchier g. 'Princess Diana'",
        "tier": "snack",
        "notes": "Sweet blueberry-like pomes in late June — eat raw off the branch before the birds strip them.",
        "source": "montreal",
        "mtl": "https://donnees.montreal.ca/dataset/arbres",
        "where": "Garneau",
        "planted": "2019",
        "plant": "serviceberry"
      }
    },
    {
      "type": "Feature",
      "id": "mtl72405",
      "geometry": {
        "type": "Point",
        "coordinates": [
          -73.595851,
          45.449572
        ]
      },
      "properties": {
        "name": "Linden",
        "species": "Tilia americana",
        "tier": "snack",
        "notes": "Young heart-shaped leaves are a mild salad green in spring; the fragrant flowers make a calming tea.",
        "source": "montreal",
        "mtl": "https://donnees.montreal.ca/dataset/arbres",
        "where": "Curé-Albert-Arnold, Du",
        "planted": "2020",
        "plant": "linden"
      }
    },
    {
      "type": "Feature",
      "id": "mtl72415",
      "geometry": {
        "type": "Point",
        "coordinates": [
          -73.555545,
          45.477641
        ]
      },
      "properties": {
        "name": "Honey locust",
        "species": "Gleditsia triacanthos 'Shademaster'",
        "tier": "caution",
        "notes": "Sweet pulp inside the long twisted pods is edible — but do NOT confuse it with the TOXIC Kentucky coffeetree (thick flat pods) or black locust. Honey locust has fine branching thorns and tiny leaflets.",
        "source": "montreal",
        "mtl": "https://donnees.montreal.ca/dataset/arbres",
        "where": "Le Ber",
        "planted": "2020"
      }
    },
    {
      "type": "Feature",
      "id": "mtl72526",
      "geometry": {
        "type": "Point",
        "coordinates": [
          -73.591393,
          45.474121
        ]
      },
      "properties": {
        "name": "Oak (acorns)",
        "species": "Quercus rubra",
        "tier": "prep",
        "notes": "Gather sound acorns in fall; leach the ground meal in several changes of water to pull the tannins, then use as flour. White-oak group leaches easier.",
        "source": "montreal",
        "mtl": "https://donnees.montreal.ca/dataset/arbres",
        "where": "Piste Cyclable De Courcelle",
        "planted": "2011"
      }
    },
    {
      "type": "Feature",
      "id": "mtl72595",
      "geometry": {
        "type": "Point",
        "coordinates": [
          -73.586667,
          45.465536
        ]
      },
      "properties": {
        "name": "Hickory",
        "species": "Carya cordiformis",
        "tier": "prep",
        "notes": "Shagbark (C. ovata) nuts are sweet — crack and pick; bitternut (C. cordiformis) is too bitter to bother. Bark makes a syrup.",
        "source": "montreal",
        "mtl": "https://donnees.montreal.ca/dataset/arbres",
        "where": "Saint-Rémi, Tunnel Sud",
        "planted": "2021"
      }
    },
    {
      "type": "Feature",
      "id": "mtl72792",
      "geometry": {
        "type": "Point",
        "coordinates": [
          -73.581026,
          45.471017
        ]
      },
      "properties": {
        "name": "Oak (acorns)",
        "species": "Quercus rubra",
        "tier": "prep",
        "notes": "Gather sound acorns in fall; leach the ground meal in several changes of water to pull the tannins, then use as flour. White-oak group leaches easier.",
        "source": "montreal",
        "mtl": "https://donnees.montreal.ca/dataset/arbres",
        "where": "Ancienne-Cour-De-Triage, De L'",
        "planted": "2023"
      }
    },
    {
      "type": "Feature",
      "id": "mtl72819",
      "geometry": {
        "type": "Point",
        "coordinates": [
          -73.551541,
          45.478346
        ]
      },
      "properties": {
        "name": "Birch",
        "species": "Betula papyrifera 'Renaissance Reflection'",
        "tier": "prep",
        "notes": "Tap the sap in early spring (boil down for birch syrup) and the aromatic inner bark/twigs for tea. A sap, not a snack.",
        "source": "montreal",
        "mtl": "https://donnees.montreal.ca/dataset/arbres",
        "where": "Frank-Selke/Charon",
        "planted": "2023"
      }
    },
    {
      "type": "Feature",
      "id": "mtl72838",
      "geometry": {
        "type": "Point",
        "coordinates": [
          -73.555107,
          45.475895
        ]
      },
      "properties": {
        "name": "Kentucky coffeetree",
        "species": "Gymnocladus dioicus",
        "tier": "avoid",
        "notes": "TOXIC raw — the pulp and seeds in the thick flat pods contain cytisine. (Roasting was a historical workaround, but treat it as do-not-eat.) Learn it so you don't mistake it for honey locust.",
        "source": "montreal",
        "mtl": "https://donnees.montreal.ca/dataset/arbres",
        "where": "Le Ber",
        "planted": "2024"
      }
    },
    {
      "type": "Feature",
      "id": "mtl73071",
      "geometry": {
        "type": "Point",
        "coordinates": [
          -73.595937,
          45.445451
        ]
      },
      "properties": {
        "name": "Birch",
        "species": "Betula populifolia",
        "tier": "prep",
        "notes": "Tap the sap in early spring (boil down for birch syrup) and the aromatic inner bark/twigs for tea. A sap, not a snack.",
        "source": "montreal",
        "mtl": "https://donnees.montreal.ca/dataset/arbres",
        "where": "Angrignon",
        "planted": "2022"
      }
    },
    {
      "type": "Feature",
      "id": "mtl73083",
      "geometry": {
        "type": "Point",
        "coordinates": [
          -73.593543,
          45.444586
        ]
      },
      "properties": {
        "name": "Cherry / chokecherry",
        "species": "Prunus serotina",
        "tier": "prep",
        "notes": "Chokecherry & black cherry — cook the ripe fruit for jelly/syrup; astringent raw and the pits are cyanogenic. Never eat the pits.",
        "source": "montreal",
        "mtl": "https://donnees.montreal.ca/dataset/arbres",
        "where": "Angrignon",
        "planted": "2022"
      }
    },
    {
      "type": "Feature",
      "id": "mtl73094",
      "geometry": {
        "type": "Point",
        "coordinates": [
          -73.594524,
          45.443581
        ]
      },
      "properties": {
        "name": "Sugar maple",
        "species": "Acer saccharum",
        "tier": "prep",
        "notes": "Tap in the Feb–Mar freeze/thaw and boil the sap to syrup — ~40:1. Needs a spile, bucket, and a lot of firewood.",
        "source": "montreal",
        "mtl": "https://donnees.montreal.ca/dataset/arbres",
        "where": "Angrignon",
        "planted": "2022"
      }
    },
    {
      "type": "Feature",
      "id": "mtl73222",
      "geometry": {
        "type": "Point",
        "coordinates": [
          -73.598989,
          45.44086
        ]
      },
      "properties": {
        "name": "Birch",
        "species": "Betula populifolia",
        "tier": "prep",
        "notes": "Tap the sap in early spring (boil down for birch syrup) and the aromatic inner bark/twigs for tea. A sap, not a snack.",
        "source": "montreal",
        "mtl": "https://donnees.montreal.ca/dataset/arbres",
        "where": "Angrignon",
        "planted": "2022"
      }
    },
    {
      "type": "Feature",
      "id": "mtl73226",
      "geometry": {
        "type": "Point",
        "coordinates": [
          -73.598946,
          45.441245
        ]
      },
      "properties": {
        "name": "Walnut / butternut",
        "species": "Juglans nigra",
        "tier": "prep",
        "notes": "Husk and cure the nuts in fall — the husks stain everything, wear gloves. Butternut (J. cinerea) is milder than black walnut.",
        "source": "montreal",
        "mtl": "https://donnees.montreal.ca/dataset/arbres",
        "where": "Angrignon",
        "planted": "2022"
      }
    },
    {
      "type": "Feature",
      "id": "mtl73370",
      "geometry": {
        "type": "Point",
        "coordinates": [
          -73.581717,
          45.460818
        ]
      },
      "properties": {
        "name": "Crabapple / apple",
        "species": "Malus x DreamWeaver (TM)",
        "tier": "snack",
        "notes": "Street crabapples — taste one; most are tart but good, cook the sour ones into jelly. The city plants dozens of cultivars.",
        "source": "montreal",
        "mtl": "https://donnees.montreal.ca/dataset/arbres",
        "where": "CHAMPIGNY--DRAKE, bande verte",
        "planted": "2025",
        "plant": "apple"
      }
    },
    {
      "type": "Feature",
      "id": "mtl73396",
      "geometry": {
        "type": "Point",
        "coordinates": [
          -73.589333,
          45.457651
        ]
      },
      "properties": {
        "name": "Cherry / chokecherry",
        "species": "Prunus",
        "tier": "prep",
        "notes": "Chokecherry & black cherry — cook the ripe fruit for jelly/syrup; astringent raw and the pits are cyanogenic. Never eat the pits.",
        "source": "montreal",
        "mtl": "https://donnees.montreal.ca/dataset/arbres",
        "where": "Campbell-Ouest",
        "planted": "2025"
      }
    },
    {
      "type": "Feature",
      "id": "mtl73398",
      "geometry": {
        "type": "Point",
        "coordinates": [
          -73.589411,
          45.457636
        ]
      },
      "properties": {
        "name": "Pear",
        "species": "Pyrus communis Luscious",
        "tier": "snack",
        "notes": "Most street pears are ornamental Callery — tiny hard fruit, only edible frost-softened. The odd 'Bartlett' is a real pear.",
        "source": "montreal",
        "mtl": "https://donnees.montreal.ca/dataset/arbres",
        "where": "Campbell-Ouest",
        "planted": "2025"
      }
    },
    {
      "type": "Feature",
      "id": "mtl73408",
      "geometry": {
        "type": "Point",
        "coordinates": [
          -73.58957,
          45.45768
        ]
      },
      "properties": {
        "name": "Hickory",
        "species": "Carya cordiformis",
        "tier": "prep",
        "notes": "Shagbark (C. ovata) nuts are sweet — crack and pick; bitternut (C. cordiformis) is too bitter to bother. Bark makes a syrup.",
        "source": "montreal",
        "mtl": "https://donnees.montreal.ca/dataset/arbres",
        "where": "Campbell-Ouest",
        "planted": "2025"
      }
    },
    {
      "type": "Feature",
      "id": "mtl73414",
      "geometry": {
        "type": "Point",
        "coordinates": [
          -73.589625,
          45.457823
        ]
      },
      "properties": {
        "name": "Ginkgo",
        "species": "Ginkgo biloba",
        "tier": "caution",
        "notes": "Only female trees fruit; the fallen flesh reeks and blisters skin (handle with gloves). The inner nut is edible COOKED and in small amounts only — raw/excess is toxic. Most street ginkgos are fruitless male cultivars.",
        "source": "montreal",
        "mtl": "https://donnees.montreal.ca/dataset/arbres",
        "where": "Campbell-Ouest",
        "planted": "2025"
      }
    },
    {
      "type": "Feature",
      "id": "mtl73470",
      "geometry": {
        "type": "Point",
        "coordinates": [
          -73.570649,
          45.475822
        ]
      },
      "properties": {
        "name": "Birch",
        "species": "Betula papirifera 'Renaissance Oasis'",
        "tier": "prep",
        "notes": "Tap the sap in early spring (boil down for birch syrup) and the aromatic inner bark/twigs for tea. A sap, not a snack.",
        "source": "montreal",
        "mtl": "https://donnees.montreal.ca/dataset/arbres",
        "where": "Argenson, D'",
        "planted": "2025"
      }
    },
    {
      "type": "Feature",
      "id": "mtl73579",
      "geometry": {
        "type": "Point",
        "coordinates": [
          -73.583861,
          45.463659
        ]
      },
      "properties": {
        "name": "Rowan",
        "species": "Sorbus aucuparia 'Cardinal Royal'",
        "tier": "prep",
        "notes": "Cook the orange berries into a tart jelly after frost — raw they're astringent and mildly upsetting.",
        "source": "montreal",
        "mtl": "https://donnees.montreal.ca/dataset/arbres",
        "where": "Marie-De-L'Incarnation",
        "planted": "2019"
      }
    },
    {
      "type": "Feature",
      "id": "mtl73684",
      "geometry": {
        "type": "Point",
        "coordinates": [
          -73.581245,
          45.458233
        ]
      },
      "properties": {
        "name": "Cherry / chokecherry",
        "species": "Prunus virginiana",
        "tier": "prep",
        "notes": "Chokecherry & black cherry — cook the ripe fruit for jelly/syrup; astringent raw and the pits are cyanogenic. Never eat the pits.",
        "source": "montreal",
        "mtl": "https://donnees.montreal.ca/dataset/arbres",
        "where": "De La Vérendrye",
        "planted": "2023"
      }
    },
    {
      "type": "Feature",
      "id": "mtl98456",
      "geometry": {
        "type": "Point",
        "coordinates": [
          -73.545233,
          45.463086
        ]
      },
      "properties": {
        "name": "Cherry / chokecherry",
        "species": "Prunus",
        "tier": "prep",
        "notes": "Chokecherry & black cherry — cook the ripe fruit for jelly/syrup; astringent raw and the pits are cyanogenic. Never eat the pits.",
        "source": "montreal",
        "mtl": "https://donnees.montreal.ca/dataset/arbres",
        "where": "De La Fontaine"
      }
    },
    {
      "type": "Feature",
      "id": "mtl98482",
      "geometry": {
        "type": "Point",
        "coordinates": [
          -73.544729,
          45.463105
        ]
      },
      "properties": {
        "name": "Horse-chestnut",
        "species": "Aesculus hippocastanum 'Baumanii'",
        "tier": "avoid",
        "notes": "TOXIC — the shiny conkers are NOT the edible sweet chestnut (Castanea, which the city doesn't plant here). Do not eat.",
        "source": "montreal",
        "mtl": "https://donnees.montreal.ca/dataset/arbres",
        "where": "De La Fontaine",
        "planted": "2021"
      }
    },
    {
      "type": "Feature",
      "id": "mtl98527",
      "geometry": {
        "type": "Point",
        "coordinates": [
          -73.581784,
          45.448869
        ]
      },
      "properties": {
        "name": "Black locust",
        "species": "Robinia pseudoacacia",
        "tier": "caution",
        "notes": "The flowers are edible (fritters); everything else — bark, leaves, pods, seeds — is TOXIC. Take only the blossoms, and be sure it's not a look-alike.",
        "source": "montreal",
        "mtl": "https://donnees.montreal.ca/dataset/arbres",
        "where": "Wilson"
      }
    },
    {
      "type": "Feature",
      "id": "mtl98543",
      "geometry": {
        "type": "Point",
        "coordinates": [
          -73.580434,
          45.448881
        ]
      },
      "properties": {
        "name": "Oak (acorns)",
        "species": "Quercus bicolor",
        "tier": "prep",
        "notes": "Gather sound acorns in fall; leach the ground meal in several changes of water to pull the tannins, then use as flour. White-oak group leaches easier.",
        "source": "montreal",
        "mtl": "https://donnees.montreal.ca/dataset/arbres",
        "where": "Wilson"
      }
    },
    {
      "type": "Feature",
      "id": "mtl98566",
      "geometry": {
        "type": "Point",
        "coordinates": [
          -73.580621,
          45.448572
        ]
      },
      "properties": {
        "name": "Black locust",
        "species": "Robinia pseudoacacia",
        "tier": "caution",
        "notes": "The flowers are edible (fritters); everything else — bark, leaves, pods, seeds — is TOXIC. Take only the blossoms, and be sure it's not a look-alike.",
        "source": "montreal",
        "mtl": "https://donnees.montreal.ca/dataset/arbres",
        "where": "Wilson"
      }
    },
    {
      "type": "Feature",
      "id": "mtl98645",
      "geometry": {
        "type": "Point",
        "coordinates": [
          -73.578961,
          45.452667
        ]
      },
      "properties": {
        "name": "Hackberry",
        "species": "Celtis occidentalis",
        "tier": "snack",
        "notes": "Small orange-brown drupes in fall — thin sweet date-like flesh over a crunchable seed. Eat whole.",
        "source": "montreal",
        "mtl": "https://donnees.montreal.ca/dataset/arbres",
        "where": "Norman-Dawe"
      }
    },
    {
      "type": "Feature",
      "id": "mtl98763",
      "geometry": {
        "type": "Point",
        "coordinates": [
          -73.585395,
          45.449568
        ]
      },
      "properties": {
        "name": "Serviceberry",
        "species": "Amelanchier canadensis",
        "tier": "snack",
        "notes": "Sweet blueberry-like pomes in late June — eat raw off the branch before the birds strip them.",
        "source": "montreal",
        "mtl": "https://donnees.montreal.ca/dataset/arbres",
        "where": "Coronation",
        "planted": "2025",
        "plant": "serviceberry"
      }
    },
    {
      "type": "Feature",
      "id": "mtl98849",
      "geometry": {
        "type": "Point",
        "coordinates": [
          -73.584359,
          45.448474
        ]
      },
      "properties": {
        "name": "Linden",
        "species": "Tilia cordata",
        "tier": "snack",
        "notes": "Young heart-shaped leaves are a mild salad green in spring; the fragrant flowers make a calming tea.",
        "source": "montreal",
        "mtl": "https://donnees.montreal.ca/dataset/arbres",
        "where": "Beurling",
        "plant": "linden"
      }
    },
    {
      "type": "Feature",
      "id": "mtl99001",
      "geometry": {
        "type": "Point",
        "coordinates": [
          -73.566287,
          45.471294
        ]
      },
      "properties": {
        "name": "Crabapple / apple",
        "species": "Malus",
        "tier": "snack",
        "notes": "Street crabapples — taste one; most are tart but good, cook the sour ones into jelly. The city plants dozens of cultivars.",
        "source": "montreal",
        "mtl": "https://donnees.montreal.ca/dataset/arbres",
        "where": "Alfred-Sauvé",
        "plant": "apple"
      }
    },
    {
      "type": "Feature",
      "id": "mtl99120",
      "geometry": {
        "type": "Point",
        "coordinates": [
          -73.575309,
          45.465949
        ]
      },
      "properties": {
        "name": "Black locust",
        "species": "Robinia pseudoacacia",
        "tier": "caution",
        "notes": "The flowers are edible (fritters); everything else — bark, leaves, pods, seeds — is TOXIC. Take only the blossoms, and be sure it's not a look-alike.",
        "source": "montreal",
        "mtl": "https://donnees.montreal.ca/dataset/arbres",
        "where": "Duquette"
      }
    },
    {
      "type": "Feature",
      "id": "mtl99138",
      "geometry": {
        "type": "Point",
        "coordinates": [
          -73.572065,
          45.45935
        ]
      },
      "properties": {
        "name": "Honey locust",
        "species": "Gleditsia triacanthos",
        "tier": "caution",
        "notes": "Sweet pulp inside the long twisted pods is edible — but do NOT confuse it with the TOXIC Kentucky coffeetree (thick flat pods) or black locust. Honey locust has fine branching thorns and tiny leaflets.",
        "source": "montreal",
        "mtl": "https://donnees.montreal.ca/dataset/arbres",
        "where": "Du Souvenir"
      }
    },
    {
      "type": "Feature",
      "id": "mtl99339",
      "geometry": {
        "type": "Point",
        "coordinates": [
          -73.568207,
          45.457159
        ]
      },
      "properties": {
        "name": "Honey locust",
        "species": "Gleditsia triacanthos",
        "tier": "caution",
        "notes": "Sweet pulp inside the long twisted pods is edible — but do NOT confuse it with the TOXIC Kentucky coffeetree (thick flat pods) or black locust. Honey locust has fine branching thorns and tiny leaflets.",
        "source": "montreal",
        "mtl": "https://donnees.montreal.ca/dataset/arbres",
        "where": "Roger-Séguin"
      }
    },
    {
      "type": "Feature",
      "id": "mtl99547",
      "geometry": {
        "type": "Point",
        "coordinates": [
          -73.54264,
          45.463185
        ]
      },
      "properties": {
        "name": "Cherry / chokecherry",
        "species": "Prunus",
        "tier": "prep",
        "notes": "Chokecherry & black cherry — cook the ripe fruit for jelly/syrup; astringent raw and the pits are cyanogenic. Never eat the pits.",
        "source": "montreal",
        "mtl": "https://donnees.montreal.ca/dataset/arbres",
        "where": "De La Fontaine"
      }
    },
    {
      "type": "Feature",
      "id": "mtl99683",
      "geometry": {
        "type": "Point",
        "coordinates": [
          -73.547175,
          45.456795
        ]
      },
      "properties": {
        "name": "Linden",
        "species": "Tilia cordata",
        "tier": "snack",
        "notes": "Young heart-shaped leaves are a mild salad green in spring; the fragrant flowers make a calming tea.",
        "source": "montreal",
        "mtl": "https://donnees.montreal.ca/dataset/arbres",
        "where": "Elgar",
        "plant": "linden"
      }
    },
    {
      "type": "Feature",
      "id": "mtl99704",
      "geometry": {
        "type": "Point",
        "coordinates": [
          -73.548274,
          45.456507
        ]
      },
      "properties": {
        "name": "Sugar maple",
        "species": "Acer saccharum",
        "tier": "prep",
        "notes": "Tap in the Feb–Mar freeze/thaw and boil the sap to syrup — ~40:1. Needs a spile, bucket, and a lot of firewood.",
        "source": "montreal",
        "mtl": "https://donnees.montreal.ca/dataset/arbres",
        "where": "Elgar"
      }
    },
    {
      "type": "Feature",
      "id": "mtl99715",
      "geometry": {
        "type": "Point",
        "coordinates": [
          -73.547708,
          45.456674
        ]
      },
      "properties": {
        "name": "Hickory",
        "species": "Carya cordiformis",
        "tier": "prep",
        "notes": "Shagbark (C. ovata) nuts are sweet — crack and pick; bitternut (C. cordiformis) is too bitter to bother. Bark makes a syrup.",
        "source": "montreal",
        "mtl": "https://donnees.montreal.ca/dataset/arbres",
        "where": "Elgar",
        "planted": "2022"
      }
    },
    {
      "type": "Feature",
      "id": "mtl99718",
      "geometry": {
        "type": "Point",
        "coordinates": [
          -73.547761,
          45.456782
        ]
      },
      "properties": {
        "name": "Oak (acorns)",
        "species": "Quercus rubra",
        "tier": "prep",
        "notes": "Gather sound acorns in fall; leach the ground meal in several changes of water to pull the tannins, then use as flour. White-oak group leaches easier.",
        "source": "montreal",
        "mtl": "https://donnees.montreal.ca/dataset/arbres",
        "where": "Elgar"
      }
    }
  ]
}
